Tiempo_s,Corriente_A,SoC,Voltaje_V,Temperatura_C,Potencia_W,C_rate,Calor_Generado_W,Energia_Wh
0,15.0,0.1,3.345,25.0,50.175000000000004,3.0,3.375,0.0
1,15.0,0.10083333333333334,3.346,25.039865343727854,50.19,3.0,3.375,0.013941666666666666
2,15.0,0.10166666666666668,3.347,25.07957176289265,50.205,3.0,3.375,0.0278875
3,15.0,0.10250000000000002,3.3480000000000003,25.11911989105263,50.220000000000006,3.0,3.375,0.0418375
4,15.0,0.10333333333333336,3.349,25.15851035924032,50.235,3.0,3.375,0.05579166666666667
5,15.0,0.1041666666666667,3.35,25.19774379597262,50.25,3.0,3.375,0.06975
6,15.0,0.10500000000000004,3.351,25.23682082726082,50.265,3.0,3.375,0.08371250000000001
7,15.0,0.10583333333333338,3.3520000000000003,25.275742076620606,50.28,3.0,3.375,0.09767916666666668
8,15.0,0.10666666666666672,3.353,25.31450816508199,50.295,3.0,3.375,0.11165000000000001
9,15.0,0.10750000000000005,3.354,25.35311971119922,50.31,3.0,3.375,0.12562500000000001
10,15.0,0.10833333333333339,3.355,25.39157733106067,50.325,3.0,3.375,0.1396041666666667
11,15.0,0.10916666666666673,3.3560000000000003,25.429881638298646,50.34,3.0,3.375,0.15358750000000004
12,15.0,0.11000000000000007,3.357,25.468033244099193,50.355000000000004,3.0,3.375,0.16757500000000006
13,15.0,0.11083333333333341,3.358,25.506032757211837,50.370000000000005,3.0,3.375,0.18156666666666674
14,15.0,0.11166666666666675,3.359,25.54388078395931,50.385,3.0,3.375,0.19556250000000008
15,15.0,0.11250000000000009,3.3600000000000003,25.58157792824721,50.400000000000006,3.0,3.375,0.2095625000000001
16,15.0,0.11333333333333342,3.361,25.61912479157365,50.415000000000006,3.0,3.375,0.22356666666666677
17,15.0,0.11416666666666676,3.362,25.656521973038853,50.43,3.0,3.375,0.23757500000000012
18,15.0,0.1150000000000001,3.363,25.6937700693547,50.445,3.0,3.375,0.25158750000000013
19,15.0,0.11583333333333344,3.3640000000000003,25.730869674854258,50.46000000000001,3.0,3.375,0.2656041666666668
20,15.0,0.11666666666666678,3.365,25.767821381501278,50.475,3.0,3.375,0.2796250000000001
21,15.0,0.11750000000000012,3.366,25.804625778899617,50.49,3.0,3.375,0.29365000000000013
22,15.0,0.11833333333333346,3.3670000000000004,25.84128345430266,50.50500000000001,3.0,3.375,0.3076791666666668
23,15.0,0.1191666666666668,3.3680000000000003,25.87779499262268,50.52,3.0,3.375,0.3217125000000001
24,15.0,0.12000000000000013,3.369,25.914160976440183,50.535000000000004,3.0,3.375,0.3357500000000001
25,15.0,0.12083333333333347,3.37,25.9503819860132,50.550000000000004,3.0,3.375,0.3497916666666668
26,15.0,0.12166666666666681,3.3710000000000004,25.986458599286532,50.565000000000005,3.0,3.375,0.3638375000000001
27,15.0,0.12250000000000015,3.3720000000000003,26.022391391901,50.580000000000005,3.0,3.375,0.3778875000000001
28,15.0,0.12333333333333349,3.373,26.0581809372026,50.595000000000006,3.0,3.375,0.39194166666666674
29,15.0,0.12416666666666683,3.374,26.093827806251667,50.61,3.0,3.375,0.4060000000000001
30,15.0,0.12500000000000017,3.3750000000000004,26.12933256783199,50.62500000000001,3.0,3.375,0.42006250000000006
31,15.0,0.1258333333333335,3.3760000000000003,26.164695788459877,50.64000000000001,3.0,3.375,0.43412916666666673
32,15.0,0.12666666666666682,3.3770000000000002,26.199918032393196,50.655,3.0,3.375,0.44820000000000004
33,15.0,0.12750000000000014,3.378,26.23499986164039,50.67,3.0,3.375,0.46227500000000005
34,15.0,0.12833333333333347,3.3790000000000004,26.269941835969426,50.68500000000001,3.0,3.375,0.4763541666666667
35,15.0,0.1291666666666668,3.3800000000000003,26.30474451291675,50.7,3.0,3.375,0.4904375
36,15.0,0.13000000000000012,3.3810000000000002,26.339408447796156,50.715,3.0,3.375,0.504525
37,15.0,0.13083333333333344,3.382,26.373934193707672,50.730000000000004,3.0,3.375,0.5186166666666666
38,15.0,0.13166666666666677,3.383,26.408322301546363,50.745,3.0,3.375,0.5327124999999999
39,15.0,0.1325000000000001,3.3840000000000003,26.442573320011142,50.760000000000005,3.0,3.375,0.5468124999999999
40,15.0,0.13333333333333341,3.3850000000000002,26.476687795613508,50.775000000000006,3.0,3.375,0.5609166666666666
41,15.0,0.13416666666666674,3.386,26.510666272686276,50.79,3.0,3.375,0.5750249999999999
42,15.0,0.13500000000000006,3.387,26.544509293392256,50.805,3.0,3.375,0.5891374999999999
43,15.0,0.1358333333333334,3.3880000000000003,26.578217397732914,50.82000000000001,3.0,3.375,0.6032541666666665
44,15.0,0.13666666666666671,3.3890000000000002,26.611791123556976,50.835,3.0,3.375,0.6173749999999999
45,15.0,0.13750000000000004,3.39,26.64523100656902,50.85,3.0,3.375,0.6315
46,15.0,0.13833333333333336,3.391,26.678537580338013,50.865,3.0,3.375,0.6456291666666666
47,15.0,0.1391666666666667,3.392,26.711711376305836,50.879999999999995,3.0,3.375,0.6597624999999999
48,15.0,0.14,3.3930000000000002,26.744752923795758,50.895,3.0,3.375,0.6738999999999999
49,15.0,0.14083333333333334,3.394,26.77766275002088,50.910000000000004,3.0,3.375,0.6880416666666667
50,15.0,0.14166666666666666,3.395,26.810441380092556,50.925,3.0,3.375,0.7021875
51,15.0,0.1425,3.396,26.843089337028758,50.94,3.0,3.375,0.7163375
52,15.0,0.1433333333333333,3.3970000000000002,26.87560714176243,50.955000000000005,3.0,3.375,0.7304916666666667
53,15.0,0.14416666666666664,3.398,26.907995313149804,50.97,3.0,3.375,0.74465
54,15.0,0.14499999999999996,3.399,26.94025436797867,50.985,3.0,3.375,0.7588125
55,15.0,0.1458333333333333,3.4,26.97238482097663,51.0,3.0,3.375,0.7729791666666667
56,15.0,0.1466666666666666,3.4010000000000002,27.004387184819297,51.015,3.0,3.375,0.78715
57,15.0,0.14749999999999994,3.402,27.036261970138497,51.03,3.0,3.375,0.8013250000000001
58,15.0,0.14833333333333326,3.403,27.0680096855304,51.045,3.0,3.375,0.8155041666666667
59,15.0,0.1491666666666666,3.404,27.09963083756363,51.06,3.0,3.375,0.8296875
60,15.0,0.1499999999999999,3.405,27.131125930787377,51.074999999999996,3.0,3.375,0.843875
61,15.0,0.15083333333333324,3.406,27.16249546773941,51.09,3.0,3.375,0.8580666666666668
62,15.0,0.15166666666666656,3.407,27.19373994895413,51.105000000000004,3.0,3.375,0.8722625
63,15.0,0.15249999999999989,3.408,27.224859872970523,51.12,3.0,3.375,0.8864625
64,15.0,0.1533333333333332,3.409,27.25585573634015,51.135,3.0,3.375,0.9006666666666667
65,15.0,0.15416666666666654,3.4099999999999997,27.286728033635036,51.15,3.0,3.375,0.9148750000000001
66,15.0,0.15499999999999986,3.411,27.31747725745559,51.165,3.0,3.375,0.9290875000000001
67,15.0,0.15583333333333318,3.412,27.34810389843845,51.18,3.0,3.375,0.9433041666666667
68,15.0,0.1566666666666665,3.413,27.378608445264305,51.195,3.0,3.375,0.9575250000000001
69,15.0,0.15749999999999983,3.4139999999999997,27.408991384665715,51.209999999999994,3.0,3.375,0.9717500000000001
70,15.0,0.15833333333333316,3.415,27.439253201434855,51.225,3.0,3.375,0.9859791666666667
71,15.0,0.15916666666666648,3.416,27.46939437843126,51.24,3.0,3.375,1.0002125000000002
72,15.0,0.1599999999999998,3.417,27.499415396589534,51.254999999999995,3.0,3.375,1.01445
73,15.0,0.16083333333333313,3.4179999999999997,27.529316734927015,51.269999999999996,3.0,3.375,1.0286916666666668
74,15.0,0.16166666666666646,3.419,27.55909887055142,51.285000000000004,3.0,3.375,1.0429375
75,15.0,0.16249999999999978,3.42,27.58876227866846,51.3,3.0,3.375,1.0571875000000002
76,15.0,0.1633333333333331,3.421,27.618307432589432,51.315,3.0,3.375,1.0714416666666668
77,15.0,0.16416666666666643,3.4219999999999997,27.647734803738746,51.33,3.0,3.375,1.0857
78,15.0,0.16499999999999976,3.4229999999999996,27.677044861661475,51.34499999999999,3.0,3.375,1.0999625000000002
79,15.0,0.16583333333333308,3.424,27.706238074030825,51.36,3.0,3.375,1.1142291666666668
80,15.0,0.1666666666666664,3.425,27.735314906655613,51.375,3.0,3.375,1.1285
81,15.0,0.16749999999999973,3.4259999999999997,27.76427582348769,51.38999999999999,3.0,3.375,1.142775
82,15.0,0.16833333333333306,3.4269999999999996,27.79312128662935,51.404999999999994,3.0,3.375,1.1570541666666667
83,15.0,0.16916666666666638,3.428,27.821851756340696,51.42,3.0,3.375,1.1713375000000001
84,15.0,0.1699999999999997,3.429,27.85046769104699,51.434999999999995,3.0,3.375,1.1856250000000002
85,15.0,0.17083333333333303,3.4299999999999997,27.87896954734597,51.449999999999996,3.0,3.375,1.1999166666666667
86,15.0,0.17166666666666636,3.4309999999999996,27.907357780015126,51.464999999999996,3.0,3.375,1.2142125000000001
87,15.0,0.17249999999999968,3.4319999999999995,27.935632842018965,51.47999999999999,3.0,3.375,1.2285125000000001
88,15.0,0.173333333333333,3.433,27.963795184516233,51.495,3.0,3.375,1.2428166666666667
89,15.0,0.17416666666666633,3.4339999999999997,27.991845256867116,51.51,3.0,3.375,1.257125
90,15.0,0.17499999999999966,3.4349999999999996,28.01978350664041,51.52499999999999,3.0,3.375,1.2714375
91,15.0,0.17583333333333298,3.4359999999999995,28.04761037962067,51.53999999999999,3.0,3.375,1.2857541666666668
92,15.0,0.1766666666666663,3.437,28.07532631981531,51.555,3.0,3.375,1.300075
93,15.0,0.17749999999999963,3.4379999999999997,28.102931769461687,51.56999999999999,3.0,3.375,1.3144
94,15.0,0.17833333333333296,3.4389999999999996,28.130427169034174,51.584999999999994,3.0,3.375,1.3287291666666667
95,15.0,0.17916666666666628,3.4399999999999995,28.15781295725117,51.599999999999994,3.0,3.375,1.3430625
96,15.0,0.1799999999999996,3.4409999999999994,28.185089571082116,51.61499999999999,3.0,3.375,1.3574
97,15.0,0.18083333333333293,3.4419999999999997,28.21225744575445,51.629999999999995,3.0,3.375,1.3717416666666666
98,15.0,0.18166666666666625,3.4429999999999996,28.239317014760566,51.644999999999996,3.0,3.375,1.3860875
99,15.0,0.18249999999999958,3.4439999999999995,28.26626870986473,51.65999999999999,3.0,3.375,1.4004375
100,15.0,0.1833333333333329,3.4449999999999994,28.29311296110995,51.67499999999999,3.0,3.375,1.4147916666666667
101,15.0,0.18416666666666623,3.4459999999999997,28.319850196824873,51.69,3.0,3.375,1.42915
102,15.0,0.18499999999999955,3.4469999999999996,28.346480843630587,51.70499999999999,3.0,3.375,1.4435125
103,15.0,0.18583333333333288,3.4479999999999995,28.37300532644744,51.71999999999999,3.0,3.375,1.4578791666666666
104,15.0,0.1866666666666662,3.4489999999999994,28.399424068501823,51.73499999999999,3.0,3.375,1.4722499999999998
105,15.0,0.18749999999999953,3.4499999999999997,28.42573749133292,51.74999999999999,3.0,3.375,1.4866249999999999
106,15.0,0.18833333333333285,3.4509999999999996,28.451946014799436,51.76499999999999,3.0,3.375,1.5010041666666665
107,15.0,0.18916666666666618,3.4519999999999995,28.478050057086293,51.779999999999994,3.0,3.375,1.5153874999999999
108,15.0,0.1899999999999995,3.4529999999999994,28.5040500347113,51.79499999999999,3.0,3.375,1.5297749999999999
109,15.0,0.19083333333333283,3.4539999999999993,28.529946362531817,51.80999999999999,3.0,3.375,1.5441666666666665
110,15.0,0.19166666666666615,3.4549999999999996,28.555739453751347,51.824999999999996,3.0,3.375,1.5585624999999999
111,15.0,0.19249999999999948,3.4559999999999995,28.581429719926152,51.83999999999999,3.0,3.375,1.5729624999999998
112,15.0,0.1933333333333328,3.4569999999999994,28.607017570971806,51.85499999999999,3.0,3.375,1.5873666666666666
113,15.0,0.19416666666666613,3.4579999999999993,28.63250341516974,51.86999999999999,3.0,3.375,1.601775
114,15.0,0.19499999999999945,3.458999999999999,28.65788765917376,51.88499999999999,3.0,3.375,1.6161874999999999
115,15.0,0.19583333333333278,3.4599999999999995,28.68317070801653,51.89999999999999,3.0,3.375,1.6306041666666666
116,15.0,0.1966666666666661,3.4609999999999994,28.70835296511604,51.91499999999999,3.0,3.375,1.645025
117,15.0,0.19749999999999943,3.4619999999999993,28.733434832282036,51.92999999999999,3.0,3.375,1.6594499999999999
118,15.0,0.19833333333333275,3.462999999999999,28.758416709722443,51.944999999999986,3.0,3.375,1.6738791666666666
119,15.0,0.19916666666666608,3.4639999999999995,28.783298996049737,51.959999999999994,3.0,3.375,1.6883124999999999
120,15.0,0.1999999999999994,3.4649999999999994,28.808082088287314,51.974999999999994,3.0,3.375,1.70275
121,15.0,0.20083333333333273,3.4659999999999993,28.83276638187582,51.98999999999999,3.0,3.375,1.7171916666666667
122,15.0,0.20166666666666605,3.466999999999999,28.85735227067947,52.00499999999999,3.0,3.375,1.7316375
123,15.0,0.20249999999999937,3.4679999999999995,28.881840146992317,52.019999999999996,3.0,3.375,1.7460875
124,15.0,0.2033333333333327,3.4689999999999994,28.906230401544526,52.03499999999999,3.0,3.375,1.7605416666666667
125,15.0,0.20416666666666602,3.4699999999999993,28.930523423508603,52.04999999999999,3.0,3.375,1.775
126,15.0,0.20499999999999935,3.470999999999999,28.9547196005056,52.06499999999999,3.0,3.375,1.7894625
127,15.0,0.20583333333333267,3.471999999999999,28.97881931861131,52.079999999999984,3.0,3.375,1.8039291666666666
128,15.0,0.206666666666666,3.4729999999999994,29.00282296236242,52.09499999999999,3.0,3.375,1.8184
129,15.0,0.20749999999999932,3.4739999999999993,29.02673091476264,52.10999999999999,3.0,3.375,1.832875
130,15.0,0.20833333333333265,3.474999999999999,29.050543557288837,52.124999999999986,3.0,3.375,1.8473541666666666
131,15.0,0.20916666666666597,3.475999999999999,29.074261269897093,52.139999999999986,3.0,3.375,1.8618375
132,15.0,0.2099999999999993,3.4769999999999994,29.097884431028792,52.154999999999994,3.0,3.375,1.876325
133,15.0,0.21083333333333262,3.4779999999999993,29.121413417616647,52.16999999999999,3.0,3.375,1.8908166666666666
134,15.0,0.21166666666666595,3.478999999999999,29.14484860509071,52.18499999999999,3.0,3.375,1.9053125
135,15.0,0.21249999999999927,3.479999999999999,29.16819036738438,52.19999999999999,3.0,3.375,1.9198125
136,15.0,0.2133333333333326,3.4809999999999994,29.19143907694034,52.21499999999999,3.0,3.375,1.9343166666666667
137,15.0,0.21416666666666592,3.4819999999999993,29.214595104716537,52.22999999999999,3.0,3.375,1.948825
138,15.0,0.21499999999999925,3.482999999999999,29.237658820192063,52.24499999999999,3.0,3.375,1.9633375
139,15.0,0.21583333333333257,3.483999999999999,29.260630591373083,52.259999999999984,3.0,3.375,1.9778541666666667
140,15.0,0.2166666666666659,3.484999999999999,29.283510784798686,52.274999999999984,3.0,3.375,1.992375
141,15.0,0.21749999999999922,3.4859999999999993,29.306299765546743,52.28999999999999,3.0,3.375,2.0069
142,15.0,0.21833333333333255,3.486999999999999,29.328997897239727,52.304999999999986,3.0,3.375,2.0214291666666666
143,15.0,0.21916666666666587,3.487999999999999,29.351605542050518,52.319999999999986,3.0,3.375,2.0359625
144,15.0,0.2199999999999992,3.488999999999999,29.374123060708182,52.33499999999999,3.0,3.375,2.0505
145,15.0,0.22083333333333252,3.489999999999999,29.39655081250373,52.34999999999998,3.0,3.375,2.0650416666666667
146,15.0,0.22166666666666585,3.490999999999999,29.41888915529584,52.36499999999999,3.0,3.375,2.0795875
147,15.0,0.22249999999999917,3.491999999999999,29.44113844551658,52.37999999999999,3.0,3.375,2.0941375
148,15.0,0.2233333333333325,3.492999999999999,29.46329903817708,52.39499999999998,3.0,3.375,2.1086916666666666
149,15.0,0.22416666666666582,3.493999999999999,29.48537128687322,52.40999999999998,3.0,3.375,2.12325
150,15.0,0.22499999999999915,3.494999999999999,29.50735554379125,52.42499999999999,3.0,3.375,2.1378125
151,15.0,0.22583333333333247,3.495999999999999,29.529252159713412,52.43999999999998,3.0,3.375,2.1523791666666665
152,15.0,0.2266666666666658,3.496999999999999,29.551061484023556,52.454999999999984,3.0,3.375,2.16695
153,15.0,0.22749999999999912,3.497999999999999,29.57278386471269,52.469999999999985,3.0,3.375,2.1815249999999997
154,15.0,0.22833333333333244,3.498999999999999,29.594419648384548,52.484999999999985,3.0,3.375,2.1961041666666663
155,15.0,0.22916666666666577,3.499999999999999,29.615969180261114,52.499999999999986,3.0,3.375,2.2106874999999997
156,15.0,0.2299999999999991,3.500999999999999,29.637432804188137,52.514999999999986,3.0,3.375,2.225275
157,15.0,0.23083333333333242,3.501999999999999,29.65881086264061,52.52999999999999,3.0,3.375,2.2398666666666665
158,15.0,0.23166666666666574,3.502999999999999,29.680103696728242,52.54499999999998,3.0,3.375,2.2544625
159,15.0,0.23249999999999907,3.503999999999999,29.70131164620089,52.55999999999999,3.0,3.375,2.2690625
160,15.0,0.2333333333333324,3.504999999999999,29.722435049453985,52.57499999999999,3.0,3.375,2.2836666666666665
161,15.0,0.23416666666666572,3.505999999999999,29.743474243533942,52.58999999999998,3.0,3.375,2.298275
162,15.0,0.23499999999999904,3.506999999999999,29.764429564143526,52.60499999999998,3.0,3.375,2.3128875
163,15.0,0.23583333333333237,3.5079999999999987,29.785301345647206,52.61999999999998,3.0,3.375,2.3275041666666665
164,15.0,0.2366666666666657,3.508999999999999,29.8060899210765,52.634999999999984,3.0,3.375,2.342125
165,15.0,0.23749999999999902,3.509999999999999,29.826795622135283,52.649999999999984,3.0,3.375,2.35675
166,15.0,0.23833333333333234,3.510999999999999,29.847418779205082,52.664999999999985,3.0,3.375,2.3713791666666664
167,15.0,0.23916666666666567,3.511999999999999,29.86795972135035,52.679999999999986,3.0,3.375,2.3860124999999996
168,15.0,0.239999999999999,3.512999999999999,29.888418776323704,52.694999999999986,3.0,3.375,2.4006499999999997
169,15.0,0.24083333333333232,3.513999999999999,29.908796270571173,52.70999999999999,3.0,3.375,2.415291666666666
170,15.0,0.24166666666666564,3.514999999999999,29.929092529237394,52.72499999999998,3.0,3.375,2.4299374999999994
171,15.0,0.24249999999999897,3.5159999999999987,29.949307876170803,52.73999999999998,3.0,3.375,2.4445874999999995
172,15.0,0.2433333333333323,3.516999999999999,29.969442633928804,52.75499999999999,3.0,3.375,2.4592416666666663
173,15.0,0.24416666666666562,3.517999999999999,29.989497123782915,52.76999999999998,3.0,3.375,2.4738999999999995
174,15.0,0.24499999999999894,3.518999999999999,30.009471665723893,52.78499999999998,3.0,3.375,2.4885624999999996
175,15.0,0.24583333333333227,3.5199999999999987,30.029366578466846,52.79999999999998,3.0,3.375,2.5032291666666664
176,15.0,0.2466666666666656,3.5209999999999986,30.049182179456302,52.814999999999976,3.0,3.375,2.5178999999999996
177,15.0,0.24749999999999892,3.521999999999999,30.068918784871297,52.829999999999984,3.0,3.375,2.5325749999999996
178,15.0,0.24833333333333224,3.522999999999999,30.088576709630402,52.844999999999985,3.0,3.375,2.5472541666666664
179,15.0,0.24916666666666556,3.5239999999999987,30.108156267396758,52.85999999999998,3.0,3.375,2.5619374999999995
180,15.0,0.2499999999999989,3.5249999999999986,30.127657770583074,52.87499999999998,3.0,3.375,2.5766249999999995
181,15.0,0.25083333333333224,3.525999999999999,30.14708153035662,52.889999999999986,3.0,3.375,2.5913166666666663
182,15.0,0.2516666666666656,3.526999999999999,30.166427856644177,52.90499999999998,3.0,3.375,2.6060124999999994
183,15.0,0.25249999999999895,3.5279999999999987,30.185697058137002,52.91999999999998,3.0,3.375,2.6207124999999993
184,15.0,0.2533333333333323,3.528999999999999,30.20488944229574,52.93499999999999,3.0,3.375,2.635416666666666
185,15.0,0.25416666666666565,3.529999999999999,30.224005315355335,52.94999999999998,3.0,3.375,2.6501249999999996
186,15.0,0.254999999999999,3.530999999999999,30.24304498232991,52.96499999999998,3.0,3.375,2.6648374999999995
187,15.0,0.25583333333333236,3.5319999999999987,30.262008747017646,52.97999999999998,3.0,3.375,2.6795541666666662
188,15.0,0.2566666666666657,3.532999999999999,30.280896912005616,52.99499999999998,3.0,3.375,2.6942749999999998
189,15.0,0.25749999999999906,3.533999999999999,30.29970977867462,53.009999999999984,3.0,3.375,2.7089999999999996
190,15.0,0.2583333333333324,3.534999999999999,30.318447647204003,53.024999999999984,3.0,3.375,2.7237291666666663
191,15.0,0.25916666666666577,3.535999999999999,30.33711081657642,53.039999999999985,3.0,3.375,2.7384625
192,15.0,0.2599999999999991,3.536999999999999,30.355699584582627,53.054999999999986,3.0,3.375,2.7531999999999996
193,15.0,0.2608333333333325,3.537999999999999,30.37421424782623,53.069999999999986,3.0,3.375,2.7679416666666663
194,15.0,0.2616666666666658,3.5389999999999993,30.392655101728412,53.08499999999999,3.0,3.375,2.7826874999999998
195,15.0,0.2624999999999992,3.539999999999999,30.411022440532648,53.09999999999999,3.0,3.375,2.7974374999999996
196,15.0,0.26333333333333253,3.540999999999999,30.429316557309406,53.11499999999999,3.0,3.375,2.812191666666666
197,15.0,0.2641666666666659,3.5419999999999994,30.44753774396081,53.12999999999999,3.0,3.375,2.8269499999999996
198,15.0,0.26499999999999924,3.5429999999999993,30.46568629122532,53.14499999999999,3.0,3.375,2.8417124999999994
199,15.0,0.2658333333333326,3.543999999999999,30.48376248868234,53.15999999999999,3.0,3.375,2.856479166666666
200,15.0,0.26666666666666594,3.544999999999999,30.501766624756872,53.17499999999998,3.0,3.375,2.8712499999999994
201,15.0,0.2674999999999993,3.5459999999999994,30.519698986724087,53.18999999999999,3.0,3.375,2.8860249999999996
202,15.0,0.26833333333333265,3.5469999999999993,30.537559860713937,53.20499999999999,3.0,3.375,2.900804166666666
203,15.0,0.269166666666666,3.547999999999999,30.5553495317157,53.219999999999985,3.0,3.375,2.9155874999999996
204,15.0,0.26999999999999935,3.5489999999999995,30.57306828358253,53.23499999999999,3.0,3.375,2.9303749999999997
205,15.0,0.2708333333333327,3.5499999999999994,30.590716399036,53.24999999999999,3.0,3.375,2.9451666666666663
206,15.0,0.27166666666666606,3.5509999999999993,30.608294159670603,53.264999999999986,3.0,3.375,2.9599624999999996
207,15.0,0.2724999999999994,3.551999999999999,30.62580184595824,53.27999999999999,3.0,3.375,2.9747624999999998
208,15.0,0.27333333333333276,3.5529999999999995,30.6432397372527,53.294999999999995,3.0,3.375,2.9895666666666663
209,15.0,0.2741666666666661,3.5539999999999994,30.660608111794126,53.30999999999999,3.0,3.375,3.0043749999999996
210,15.0,0.27499999999999947,3.5549999999999993,30.677907246713445,53.32499999999999,3.0,3.375,3.0191874999999997
211,15.0,0.2758333333333328,3.5559999999999996,30.69513741803679,53.339999999999996,3.0,3.375,3.034004166666666
212,15.0,0.2766666666666662,3.5569999999999995,30.712298900689902,53.35499999999999,3.0,3.375,3.0488249999999995
213,15.0,0.2774999999999995,3.5579999999999994,30.72939196850253,53.36999999999999,3.0,3.375,3.0636499999999995
214,15.0,0.2783333333333329,3.5589999999999997,30.746416894212786,53.385,3.0,3.375,3.078479166666666
215,15.0,0.27916666666666623,3.5599999999999996,30.763373949471504,53.39999999999999,3.0,3.375,3.0933124999999992
216,15.0,0.2799999999999996,3.5609999999999995,30.780263404846572,53.41499999999999,3.0,3.375,3.1081499999999993
217,15.0,0.28083333333333294,3.562,30.79708552982725,53.43,3.0,3.375,3.122991666666666
218,15.0,0.2816666666666663,3.5629999999999997,30.81384059282847,53.44499999999999,3.0,3.375,3.1378374999999994
219,15.0,0.28249999999999964,3.5639999999999996,30.830528861195116,53.459999999999994,3.0,3.375,3.1526874999999994
220,15.0,0.283333333333333,3.5649999999999995,30.847150601206298,53.474999999999994,3.0,3.375,3.1675416666666663
221,15.0,0.28416666666666635,3.566,30.86370607807959,53.489999999999995,3.0,3.375,3.1823999999999995
222,15.0,0.2849999999999997,3.5669999999999997,30.88019555597527,53.504999999999995,3.0,3.375,3.1972624999999995
223,15.0,0.28583333333333305,3.5679999999999996,30.896619298000527,53.519999999999996,3.0,3.375,3.2121291666666663
224,15.0,0.2866666666666664,3.569,30.912977566213673,53.535,3.0,3.375,3.2269999999999994
225,15.0,0.28749999999999976,3.57,30.929270621628305,53.55,3.0,3.375,3.2418749999999994
226,15.0,0.2883333333333331,3.5709999999999997,30.94549872421749,53.565,3.0,3.375,3.256754166666666
227,15.0,0.28916666666666646,3.5719999999999996,30.961662132917898,53.57999999999999,3.0,3.375,3.2716374999999993
228,15.0,0.2899999999999998,3.573,30.97776110563394,53.595,3.0,3.375,3.2865249999999993
229,15.0,0.29083333333333317,3.574,30.993795899241885,53.61,3.0,3.375,3.301416666666666
230,15.0,0.2916666666666665,3.5749999999999997,31.009766769593952,53.62499999999999,3.0,3.375,3.3163124999999996
231,15.0,0.29249999999999987,3.576,31.025673971522394,53.64,3.0,3.375,3.3312124999999995
232,15.0,0.2933333333333332,3.577,31.041517758843575,53.655,3.0,3.375,3.346116666666666
233,15.0,0.2941666666666666,3.578,31.057298384362007,53.669999999999995,3.0,3.375,3.3610249999999997
234,15.0,0.29499999999999993,3.579,31.073016099874383,53.685,3.0,3.375,3.3759374999999996
235,15.0,0.2958333333333333,3.58,31.088671156173607,53.7,3.0,3.375,3.3908541666666663
236,15.0,0.29666666666666663,3.581,31.10426380305279,53.714999999999996,3.0,3.375,3.4057749999999998
237,15.0,0.2975,3.5820000000000003,31.119794289309223,53.730000000000004,3.0,3.375,3.4206999999999996
238,15.0,0.29833333333333334,3.583,31.13526286274837,53.745000000000005,3.0,3.375,3.4356291666666663
239,15.0,0.2991666666666667,3.584,31.150669770187804,53.76,3.0,3.375,3.4505624999999998
240,15.0,0.30000000000000004,3.585,31.16601525746115,53.775,3.0,3.375,3.4654999999999996
241,15.0,0.3008333333333334,3.5860000000000003,31.181299569422016,53.790000000000006,3.0,3.375,3.480441666666666
242,15.0,0.30166666666666675,3.587,31.196522949947884,53.805,3.0,3.375,3.4953874999999996
243,15.0,0.3025000000000001,3.588,31.211685641944015,53.82,3.0,3.375,3.5103374999999994
244,15.0,0.30333333333333345,3.5890000000000004,31.22678788734732,53.83500000000001,3.0,3.375,3.525291666666666
245,15.0,0.3041666666666668,3.5900000000000003,31.24182992713022,53.85,3.0,3.375,3.5402499999999995
246,15.0,0.30500000000000016,3.591,31.256812001304485,53.865,3.0,3.375,3.5552124999999997
247,15.0,0.3058333333333335,3.592,31.271734348925083,53.88,3.0,3.375,3.5701791666666662
248,15.0,0.30666666666666687,3.5930000000000004,31.28659720809397,53.895,3.0,3.375,3.5851499999999996
249,15.0,0.3075000000000002,3.5940000000000003,31.3014008159639,53.910000000000004,3.0,3.375,3.600125
250,15.0,0.30833333333333357,3.595,31.316145408742212,53.925000000000004,3.0,3.375,3.6151041666666663
251,15.0,0.3091666666666669,3.5960000000000005,31.330831221694606,53.940000000000005,3.0,3.375,3.6300874999999997
252,15.0,0.3100000000000003,3.5970000000000004,31.34545848914887,53.955000000000005,3.0,3.375,3.645075
253,15.0,0.31083333333333363,3.5980000000000003,31.36002744449865,53.970000000000006,3.0,3.375,3.6600666666666664
254,15.0,0.311666666666667,3.5990000000000006,31.374538320207154,53.98500000000001,3.0,3.375,3.6750624999999997
255,15.0,0.31250000000000033,3.6000000000000005,31.388991347810865,54.00000000000001,3.0,3.375,3.6900625
256,15.0,0.3133333333333337,3.6010000000000004,31.403386757923244,54.01500000000001,3.0,3.375,3.7050666666666663
257,15.0,0.31416666666666704,3.6020000000000008,31.417724780238398,54.03000000000001,3.0,3.375,3.7200749999999996
258,15.0,0.3150000000000004,3.6030000000000006,31.432005643534755,54.04500000000001,3.0,3.375,3.7350874999999997
259,15.0,0.31583333333333374,3.6040000000000005,31.446229575678707,54.06000000000001,3.0,3.375,3.750104166666666
260,15.0,0.3166666666666671,3.6050000000000004,31.460396803628253,54.075,3.0,3.375,3.7651249999999994
261,15.0,0.31750000000000045,3.6060000000000008,31.47450755343661,54.09000000000001,3.0,3.375,3.7801499999999995
262,15.0,0.3183333333333338,3.6070000000000007,31.48856205025583,54.10500000000001,3.0,3.375,3.7951791666666663
263,15.0,0.31916666666666715,3.6080000000000005,31.50256051834039,54.120000000000005,3.0,3.375,3.8102124999999996
264,15.0,0.3200000000000005,3.609000000000001,31.516503181050762,54.13500000000001,3.0,3.375,3.8252499999999996
265,15.0,0.32083333333333386,3.6100000000000008,31.53039026085699,54.15000000000001,3.0,3.375,3.8402916666666664
266,15.0,0.3216666666666672,3.6110000000000007,31.544221979342232,54.165000000000006,3.0,3.375,3.8553374999999996
267,15.0,0.32250000000000056,3.6120000000000005,31.5579985572063,54.18000000000001,3.0,3.375,3.8703874999999996
268,15.0,0.3233333333333339,3.613000000000001,31.571720214269174,54.195000000000014,3.0,3.375,3.8854416666666665
269,15.0,0.32416666666666727,3.6140000000000008,31.585387169474515,54.21000000000001,3.0,3.375,3.9004999999999996
270,15.0,0.3250000000000006,3.6150000000000007,31.598999640893158,54.22500000000001,3.0,3.375,3.9155624999999996
271,15.0,0.325833333333334,3.616000000000001,31.61255784572659,54.240000000000016,3.0,3.375,3.9306291666666664
272,15.0,0.3266666666666673,3.617000000000001,31.626062000310423,54.25500000000001,3.0,3.375,3.9456999999999995
273,15.0,0.3275000000000007,3.6180000000000008,31.63951232011783,54.27000000000001,3.0,3.375,3.9607749999999995
274,15.0,0.32833333333333403,3.619000000000001,31.652909019763,54.28500000000002,3.0,3.375,3.9758541666666662
275,15.0,0.3291666666666674,3.620000000000001,31.666252313004556,54.30000000000001,3.0,3.375,3.9909374999999994
276,15.0,0.33000000000000074,3.621000000000001,31.679542412748955,54.31500000000001,3.0,3.375,4.006024999999999
277,15.0,0.3308333333333341,3.622000000000001,31.692779531053908,54.33000000000002,3.0,3.375,4.021116666666666
278,15.0,0.33166666666666744,3.623000000000001,31.70596387913174,54.34500000000001,3.0,3.375,4.0362124999999995
279,15.0,0.3325000000000008,3.624000000000001,31.71909566735278,54.360000000000014,3.0,3.375,4.0513125
280,15.0,0.33333333333333415,3.625000000000001,31.732175105248697,54.375000000000014,3.0,3.375,4.066416666666666
281,15.0,0.3341666666666675,3.6260000000000012,31.745202401515865,54.390000000000015,3.0,3.375,4.081524999999999
282,15.0,0.33500000000000085,3.627000000000001,31.75817776401868,54.405000000000015,3.0,3.375,4.096637499999999
283,15.0,0.3358333333333342,3.628000000000001,31.77110139979288,54.420000000000016,3.0,3.375,4.111754166666666
284,15.0,0.33666666666666756,3.6290000000000013,31.783973515048842,54.43500000000002,3.0,3.375,4.126874999999999
285,15.0,0.3375000000000009,3.6300000000000012,31.79679431517489,54.45000000000002,3.0,3.375,4.1419999999999995
286,15.0,0.33833333333333426,3.631000000000001,31.809564004740544,54.46500000000002,3.0,3.375,4.1571291666666665
287,15.0,0.3391666666666676,3.632000000000001,31.822282787499816,54.48000000000002,3.0,3.375,4.1722624999999995
288,15.0,0.34000000000000097,3.6330000000000013,31.83495086639444,54.49500000000002,3.0,3.375,4.187399999999999
289,15.0,0.3408333333333343,3.6340000000000012,31.847568443557112,54.51000000000002,3.0,3.375,4.202541666666666
290,15.0,0.3416666666666677,3.635000000000001,31.860135720314723,54.52500000000002,3.0,3.375,4.217687499999999
291,15.0,0.342500000000001,3.6360000000000015,31.872652897191568,54.54000000000002,3.0,3.375,4.2328375
292,15.0,0.3433333333333344,3.6370000000000013,31.885120173912544,54.55500000000002,3.0,3.375,4.247991666666667
293,15.0,0.34416666666666773,3.6380000000000012,31.897537749406336,54.57000000000002,3.0,3.375,4.2631499999999996
294,15.0,0.3450000000000011,3.6390000000000016,31.909905821808596,54.58500000000002,3.0,3.375,4.278312499999999
295,15.0,0.34583333333333444,3.6400000000000015,31.9222245884651,54.60000000000002,3.0,3.375,4.293479166666666
296,15.0,0.3466666666666678,3.6410000000000013,31.934494245934896,54.61500000000002,3.0,3.375,4.308649999999999
297,15.0,0.34750000000000114,3.6420000000000017,31.94671498999345,54.630000000000024,3.0,3.375,4.323824999999999
298,15.0,0.3483333333333345,3.6430000000000016,31.95888701563575,54.645000000000024,3.0,3.375,4.339004166666666
299,15.0,0.34916666666666785,3.6440000000000015,31.971010517079442,54.660000000000025,3.0,3.375,4.3541875
300,15.0,0.3500000000000012,3.6450000000000014,31.98308568776791,54.67500000000002,3.0,3.375,4.369375
301,15.0,0.35083333333333455,3.6460000000000017,31.99511272037337,54.690000000000026,3.0,3.375,4.384566666666666
302,15.0,0.3516666666666679,3.6470000000000016,32.00709180679995,54.70500000000003,3.0,3.375,4.3997625
303,15.0,0.35250000000000126,3.6480000000000015,32.01902313818673,54.72000000000002,3.0,3.375,4.4149625
304,15.0,0.3533333333333346,3.649000000000002,32.03090690491083,54.73500000000003,3.0,3.375,4.430166666666667
305,15.0,0.35416666666666796,3.6500000000000017,32.0427432965904,54.75000000000003,3.0,3.375,4.445375
306,15.0,0.3550000000000013,3.6510000000000016,32.054532502087696,54.76500000000002,3.0,3.375,4.4605875
307,15.0,0.35583333333333467,3.6520000000000015,32.066274709512044,54.78000000000002,3.0,3.375,4.475804166666666
308,15.0,0.356666666666668,3.653000000000002,32.077970106222885,54.79500000000003,3.0,3.375,4.491025
309,15.0,0.35750000000000137,3.6540000000000017,32.08961887883273,54.810000000000024,3.0,3.375,4.50625
310,15.0,0.3583333333333347,3.6550000000000016,32.10122121321017,54.825000000000024,3.0,3.375,4.5214791666666665
311,15.0,0.3591666666666681,3.656000000000002,32.112777294482804,54.84000000000003,3.0,3.375,4.5367125
312,15.0,0.36000000000000143,3.657000000000002,32.124287307040234,54.855000000000025,3.0,3.375,4.55195
313,15.0,0.3608333333333348,3.6580000000000017,32.13575143453697,54.870000000000026,3.0,3.375,4.567191666666666
314,15.0,0.36166666666666814,3.659000000000002,32.14716985989539,54.88500000000003,3.0,3.375,4.582437499999999
315,15.0,0.3625000000000015,3.660000000000002,32.15854276530864,54.90000000000003,3.0,3.375,4.597687499999999
316,15.0,0.36333333333333484,3.661000000000002,32.16987033224353,54.91500000000003,3.0,3.375,4.612941666666666
317,15.0,0.3641666666666682,3.662000000000002,32.18115274144348,54.930000000000035,3.0,3.375,4.6282
318,15.0,0.36500000000000155,3.663000000000002,32.19239017293135,54.94500000000003,3.0,3.375,4.6434625
319,15.0,0.3658333333333349,3.664000000000002,32.20358280601233,54.96000000000003,3.0,3.375,4.658729166666666
320,15.0,0.36666666666666825,3.665000000000002,32.21473081927681,54.97500000000003,3.0,3.375,4.6739999999999995
321,15.0,0.3675000000000016,3.666000000000002,32.225834390603225,54.99000000000003,3.0,3.375,4.689274999999999
322,15.0,0.36833333333333496,3.667000000000002,32.23689369716089,55.00500000000003,3.0,3.375,4.704554166666666
323,15.0,0.3691666666666683,3.668000000000002,32.247908915412815,55.02000000000003,3.0,3.375,4.7198375
324,15.0,0.37000000000000166,3.6690000000000023,32.25888022111856,55.03500000000003,3.0,3.375,4.735125
325,15.0,0.370833333333335,3.670000000000002,32.269807789336994,55.05000000000003,3.0,3.375,4.750416666666666
326,15.0,0.37166666666666837,3.671000000000002,32.28069179442911,55.06500000000003,3.0,3.375,4.765712499999999
327,15.0,0.3725000000000017,3.672000000000002,32.29153241006082,55.08000000000003,3.0,3.375,4.781012499999999
328,15.0,0.37333333333333507,3.6730000000000023,32.30232980920569,55.095000000000034,3.0,3.375,4.796316666666666
329,15.0,0.3741666666666684,3.674000000000002,32.313084164147725,55.110000000000035,3.0,3.375,4.811624999999999
330,15.0,0.3750000000000018,3.675000000000002,32.32379564648413,55.12500000000003,3.0,3.375,4.8269375
331,15.0,0.37583333333333513,3.6760000000000024,32.33446442712802,55.140000000000036,3.0,3.375,4.842254166666667
332,15.0,0.3766666666666685,3.6770000000000023,32.34509067631115,55.15500000000004,3.0,3.375,4.857575
333,15.0,0.37750000000000183,3.678000000000002,32.35567456358667,55.17000000000003,3.0,3.375,4.8729
334,15.0,0.3783333333333352,3.6790000000000025,32.36621625783176,55.18500000000004,3.0,3.375,4.888229166666666
335,15.0,0.37916666666666854,3.6800000000000024,32.376715927250395,55.20000000000004,3.0,3.375,4.9035625
336,15.0,0.3800000000000019,3.6810000000000023,32.38717373937599,55.21500000000003,3.0,3.375,4.9189
337,15.0,0.38083333333333524,3.6820000000000026,32.39758986107408,55.23000000000004,3.0,3.375,4.934241666666667
338,15.0,0.3816666666666686,3.6830000000000025,32.407964458544996,55.24500000000004,3.0,3.375,4.9495875
339,15.0,0.38250000000000195,3.6840000000000024,32.41829769732649,55.26000000000003,3.0,3.375,4.9649375
340,15.0,0.3833333333333353,3.6850000000000023,32.428589742296396,55.275000000000034,3.0,3.375,4.980291666666666
341,15.0,0.38416666666666865,3.6860000000000026,32.438840757675266,55.29000000000004,3.0,3.375,4.9956499999999995
342,15.0,0.385000000000002,3.6870000000000025,32.44905090702897,55.305000000000035,3.0,3.375,5.0110125
343,15.0,0.38583333333333536,3.6880000000000024,32.45922035327132,55.320000000000036,3.0,3.375,5.026379166666667
344,15.0,0.3866666666666687,3.6890000000000023,32.469349258666675,55.335000000000036,3.0,3.375,5.04175
345,15.0,0.38750000000000207,3.6900000000000026,32.47943778483251,55.35000000000004,3.0,3.375,5.057125
346,15.0,0.3883333333333354,3.6910000000000025,32.48948609274202,55.36500000000004,3.0,3.375,5.072504166666667
347,15.0,0.38916666666666877,3.6920000000000024,32.499494342726656,55.38000000000004,3.0,3.375,5.0878875
348,15.0,0.3900000000000021,3.6930000000000027,32.50946269447872,55.39500000000004,3.0,3.375,5.103275
349,15.0,0.3908333333333355,3.6940000000000026,32.51939130705389,55.41000000000004,3.0,3.375,5.118666666666667
350,15.0,0.39166666666666883,3.6950000000000025,32.52928033887375,55.42500000000004,3.0,3.375,5.134062500000001
351,15.0,0.3925000000000022,3.696000000000003,32.53912994772834,55.44000000000004,3.0,3.375,5.1494625
352,15.0,0.39333333333333553,3.6970000000000027,32.54894029077868,55.45500000000004,3.0,3.375,5.164866666666667
353,15.0,0.3941666666666689,3.6980000000000026,32.55871152455924,55.47000000000004,3.0,3.375,5.180275
354,15.0,0.39500000000000224,3.699000000000003,32.568443804980475,55.48500000000004,3.0,3.375,5.1956875
355,15.0,0.3958333333333356,3.700000000000003,32.57813728733128,55.50000000000004,3.0,3.375,5.211104166666667
356,15.0,0.39666666666666894,3.7010000000000027,32.5877921262815,55.51500000000004,3.0,3.375,5.2265250000000005
357,15.0,0.3975000000000023,3.702000000000003,32.59740847588438,55.530000000000044,3.0,3.375,5.24195
358,15.0,0.39833333333333565,3.703000000000003,32.60698648957903,55.545000000000044,3.0,3.375,5.2573791666666665
359,15.0,0.399166666666669,3.704000000000003,32.61652632019286,55.560000000000045,3.0,3.375,5.2728125
360,15.0,0.40000000000000235,3.7050000000000027,32.62602811994404,55.57500000000004,3.0,3.375,5.28825
361,15.0,0.4008333333333357,3.706000000000003,32.63549204044391,55.590000000000046,3.0,3.375,5.3036916666666665
362,15.0,0.40166666666666906,3.707000000000003,32.6449182326994,55.60500000000005,3.0,3.375,5.3191375
363,15.0,0.4025000000000024,3.708000000000003,32.654306847115464,55.62000000000004,3.0,3.375,5.3345875000000005
364,15.0,0.40333333333333576,3.7090000000000027,32.66365803349745,55.63500000000004,3.0,3.375,5.350041666666667
365,15.0,0.4041666666666691,3.710000000000003,32.67297194105349,55.65000000000005,3.0,3.375,5.3655
366,15.0,0.40500000000000247,3.711000000000003,32.68224871839691,55.66500000000004,3.0,3.375,5.3809625
367,15.0,0.4058333333333358,3.712000000000003,32.69148851354859,55.68000000000004,3.0,3.375,5.396429166666667
368,15.0,0.4066666666666692,3.713000000000003,32.7006914739393,55.69500000000005,3.0,3.375,5.4119
369,15.0,0.4075000000000025,3.714000000000003,32.709857746412084,55.71000000000004,3.0,3.375,5.4273750000000005
370,15.0,0.4083333333333359,3.715000000000003,32.71898747722458,55.725000000000044,3.0,3.375,5.442854166666667
371,15.0,0.40916666666666923,3.7160000000000033,32.72808081205138,55.74000000000005,3.0,3.375,5.4583375
372,15.0,0.4100000000000026,3.717000000000003,32.73713789598633,55.755000000000045,3.0,3.375,5.473825
373,15.0,0.41083333333333594,3.718000000000003,32.74615887354485,55.770000000000046,3.0,3.375,5.489316666666666
374,15.0,0.4116666666666693,3.7190000000000034,32.75514388866626,55.78500000000005,3.0,3.375,5.5048125
375,15.0,0.41250000000000264,3.7200000000000033,32.76409308471605,55.80000000000005,3.0,3.375,5.5203125
376,15.0,0.413333333333336,3.721000000000003,32.77300660448818,55.81500000000005,3.0,3.375,5.535816666666667
377,15.0,0.41416666666666935,3.7220000000000035,32.781884590207355,55.830000000000055,3.0,3.375,5.551325
378,15.0,0.4150000000000027,3.7230000000000034,32.790727183531295,55.84500000000005,3.0,3.375,5.5668375
379,15.0,0.41583333333333605,3.7240000000000033,32.79953452555301,55.86000000000005,3.0,3.375,5.582354166666667
380,15.0,0.4166666666666694,3.725000000000003,32.80830675680302,55.87500000000005,3.0,3.375,5.597875
381,15.0,0.41750000000000276,3.7260000000000035,32.817044017251625,55.89000000000005,3.0,3.375,5.6134
382,15.0,0.4183333333333361,3.7270000000000034,32.82574644631113,55.90500000000005,3.0,3.375,5.628929166666667
383,15.0,0.41916666666666946,3.7280000000000033,32.83441418283806,55.92000000000005,3.0,3.375,5.6444625
384,15.0,0.4200000000000028,3.729000000000003,32.84304736513539,55.935000000000045,3.0,3.375,5.66
385,15.0,0.42083333333333617,3.7300000000000035,32.85164613095475,55.95000000000005,3.0,3.375,5.675541666666667
386,15.0,0.4216666666666695,3.7310000000000034,32.8602106174986,55.96500000000005,3.0,3.375,5.6910875
387,15.0,0.4225000000000029,3.7320000000000033,32.86874096142247,55.98000000000005,3.0,3.375,5.7066375
388,15.0,0.4233333333333362,3.7330000000000036,32.877237298837066,55.995000000000054,3.0,3.375,5.722191666666667
389,15.0,0.4241666666666696,3.7340000000000035,32.88569976531052,56.010000000000055,3.0,3.375,5.737750000000001
390,15.0,0.42500000000000293,3.7350000000000034,32.8941284958705,56.02500000000005,3.0,3.375,5.753312500000001
391,15.0,0.4258333333333363,3.7360000000000038,32.90252362500638,56.040000000000056,3.0,3.375,5.768879166666667
392,15.0,0.42666666666666964,3.7370000000000037,32.9108852866714,56.05500000000006,3.0,3.375,5.7844500000000005
393,15.0,0.427500000000003,3.7380000000000035,32.91921361428478,56.07000000000005,3.0,3.375,5.800025000000001
394,15.0,0.42833333333333634,3.739000000000004,32.927508740733856,56.08500000000006,3.0,3.375,5.815604166666668
395,15.0,0.4291666666666697,3.7400000000000038,32.93577079837622,56.10000000000006,3.0,3.375,5.831187500000001
396,15.0,0.43000000000000305,3.7410000000000037,32.9439999190418,56.11500000000005,3.0,3.375,5.846775000000001
397,15.0,0.4308333333333364,3.742000000000004,32.95219623403499,56.13000000000006,3.0,3.375,5.862366666666667
398,15.0,0.43166666666666975,3.743000000000004,32.960359874136735,56.14500000000006,3.0,3.375,5.877962500000001
399,15.0,0.4325000000000031,3.7440000000000038,32.9684909696066,56.16000000000005,3.0,3.375,5.893562500000001
400,15.0,0.43333333333333646,3.7450000000000037,32.976589650184884,56.175000000000054,3.0,3.375,5.909166666666668
401,15.0,0.4341666666666698,3.746000000000004,32.984656045094674,56.19000000000006,3.0,3.375,5.924775000000001
402,15.0,0.43500000000000316,3.747000000000004,32.99269028304389,56.205000000000055,3.0,3.375,5.940387500000001
403,15.0,0.4358333333333365,3.7480000000000038,33.000692492227365,56.220000000000056,3.0,3.375,5.956004166666667
404,15.0,0.43666666666666987,3.7490000000000037,33.00866280032887,56.235000000000056,3.0,3.375,5.971625
405,15.0,0.4375000000000032,3.750000000000004,33.016601334523166,56.25000000000006,3.0,3.375,5.98725
406,15.0,0.43833333333333657,3.751000000000004,33.02450822147802,56.26500000000006,3.0,3.375,6.002879166666667
407,15.0,0.4391666666666699,3.7520000000000038,33.03238358735626,56.28000000000006,3.0,3.375,6.018512500000001
408,15.0,0.4400000000000033,3.753000000000004,33.040227557817715,56.29500000000006,3.0,3.375,6.034150000000001
409,15.0,0.44083333333333663,3.754000000000004,33.04804025802131,56.31000000000006,3.0,3.375,6.049791666666668
410,15.0,0.44166666666667,3.755000000000004,33.055821812627,56.32500000000006,3.0,3.375,6.065437500000001
411,15.0,0.44250000000000334,3.7560000000000042,33.06357234579778,56.34000000000006,3.0,3.375,6.081087500000001
412,15.0,0.4433333333333367,3.757000000000004,33.07129198120167,56.35500000000006,3.0,3.375,6.096741666666667
413,15.0,0.44416666666667004,3.758000000000004,33.07898084201367,56.37000000000006,3.0,3.375,6.112400000000001
414,15.0,0.4450000000000034,3.7590000000000043,33.08663905091776,56.38500000000006,3.0,3.375,6.128062500000001
415,15.0,0.44583333333333675,3.7600000000000042,33.09426673010882,56.40000000000006,3.0,3.375,6.143729166666668
416,15.0,0.4466666666666701,3.761000000000004,33.1018640012946,56.41500000000006,3.0,3.375,6.159400000000001
417,15.0,0.44750000000000345,3.7620000000000045,33.109430985697664,56.430000000000064,3.0,3.375,6.1750750000000005
418,15.0,0.4483333333333368,3.7630000000000043,33.1169678040573,56.445000000000064,3.0,3.375,6.190754166666667
419,15.0,0.44916666666667016,3.7640000000000042,33.12447457663149,56.460000000000065,3.0,3.375,6.206437500000001
420,15.0,0.4500000000000035,3.765000000000004,33.131951423198785,56.475000000000065,3.0,3.375,6.222125000000001
421,15.0,0.45083333333333686,3.7660000000000045,33.13939846306024,56.490000000000066,3.0,3.375,6.237816666666668
422,15.0,0.4516666666666702,3.7670000000000043,33.14681581504131,56.50500000000007,3.0,3.375,6.253512500000001
423,15.0,0.45250000000000357,3.7680000000000042,33.15420359749375,56.52000000000007,3.0,3.375,6.269212500000001
424,15.0,0.4533333333333369,3.769000000000004,33.1615619282975,56.53500000000006,3.0,3.375,6.284916666666668
425,15.0,0.45416666666667027,3.7700000000000045,33.16889092486258,56.55000000000007,3.0,3.375,6.300625000000001
426,15.0,0.4550000000000036,3.7710000000000043,33.17619070413093,56.56500000000007,3.0,3.375,6.316337500000001
427,15.0,0.455833333333337,3.7720000000000042,33.18346138257832,56.58000000000006,3.0,3.375,6.332054166666668
428,15.0,0.45666666666667033,3.7730000000000046,33.19070307621617,56.59500000000007,3.0,3.375,6.347775000000001
429,15.0,0.4575000000000037,3.7740000000000045,33.19791590059341,56.61000000000007,3.0,3.375,6.363500000000001
430,15.0,0.45833333333333703,3.7750000000000044,33.205099970798344,56.625000000000064,3.0,3.375,6.379229166666668
431,15.0,0.4591666666666704,3.7760000000000047,33.21225540146047,56.64000000000007,3.0,3.375,6.394962500000001
432,15.0,0.46000000000000374,3.7770000000000046,33.21938230675231,56.65500000000007,3.0,3.375,6.410700000000001
433,15.0,0.4608333333333371,3.7780000000000045,33.22648080039123,56.670000000000066,3.0,3.375,6.426441666666668
434,15.0,0.46166666666667044,3.779000000000005,33.23355099564127,56.68500000000007,3.0,3.375,6.442187500000002
435,15.0,0.4625000000000038,3.7800000000000047,33.24059300531491,56.700000000000074,3.0,3.375,6.457937500000002
436,15.0,0.46333333333333715,3.7810000000000046,33.24760694177495,56.71500000000007,3.0,3.375,6.473691666666668
437,15.0,0.4641666666666705,3.782000000000005,33.25459291693619,56.730000000000075,3.0,3.375,6.4894500000000015
438,15.0,0.46500000000000385,3.783000000000005,33.26155104226733,56.745000000000076,3.0,3.375,6.505212500000002
439,15.0,0.4658333333333372,3.7840000000000047,33.26848142879266,56.76000000000007,3.0,3.375,6.5209791666666685
440,15.0,0.46666666666667056,3.7850000000000046,33.2753841870939,56.77500000000007,3.0,3.375,6.536750000000002
441,15.0,0.4675000000000039,3.786000000000005,33.2822594273119,56.79000000000008,3.0,3.375,6.552525000000002
442,15.0,0.46833333333333727,3.787000000000005,33.28910725914845,56.80500000000007,3.0,3.375,6.568304166666668
443,15.0,0.4691666666666706,3.7880000000000047,33.295927791868,56.82000000000007,3.0,3.375,6.584087500000002
444,15.0,0.47000000000000397,3.7890000000000046,33.30272113429943,56.83500000000007,3.0,3.375,6.599875000000002
445,15.0,0.4708333333333373,3.790000000000005,33.30948739483775,56.85000000000007,3.0,3.375,6.615666666666669
446,15.0,0.4716666666666707,3.791000000000005,33.31622668144586,56.86500000000007,3.0,3.375,6.631462500000002
447,15.0,0.47250000000000403,3.7920000000000047,33.32293910165626,56.880000000000074,3.0,3.375,6.647262500000002
448,15.0,0.4733333333333374,3.793000000000005,33.32962476257276,56.895000000000074,3.0,3.375,6.663066666666668
449,15.0,0.47416666666667073,3.794000000000005,33.336283770872214,56.910000000000075,3.0,3.375,6.6788750000000014
450,15.0,0.4750000000000041,3.795000000000005,33.34291623280619,56.925000000000075,3.0,3.375,6.6946875000000015
451,15.0,0.47583333333333744,3.796000000000005,33.34952225420269,56.940000000000076,3.0,3.375,6.710504166666668
452,15.0,0.4766666666666708,3.797000000000005,33.35610194046783,56.95500000000008,3.0,3.375,6.726325000000002
453,15.0,0.47750000000000414,3.798000000000005,33.36265539658751,56.97000000000008,3.0,3.375,6.742150000000002
454,15.0,0.4783333333333375,3.7990000000000053,33.369182727129115,56.98500000000008,3.0,3.375,6.757979166666669
455,15.0,0.47916666666667085,3.800000000000005,33.37568403624314,57.00000000000008,3.0,3.375,6.773812500000002
456,15.0,0.4800000000000042,3.801000000000005,33.382159427664924,57.01500000000008,3.0,3.375,6.789650000000002
457,15.0,0.48083333333333755,3.8020000000000054,33.38860900471622,57.03000000000008,3.0,3.375,6.8054916666666685
458,15.0,0.4816666666666709,3.8030000000000053,33.39503287030692,57.04500000000008,3.0,3.375,6.821337500000002
459,15.0,0.48250000000000426,3.804000000000005,33.40143112693663,57.06000000000008,3.0,3.375,6.837187500000002
460,15.0,0.4833333333333376,3.805000000000005,33.40780387669636,57.075000000000074,3.0,3.375,6.853041666666669
461,15.0,0.48416666666667096,3.8060000000000054,33.41415122127013,57.09000000000008,3.0,3.375,6.868900000000002
462,15.0,0.4850000000000043,3.8070000000000053,33.42047326193658,57.10500000000008,3.0,3.375,6.884762500000002
463,15.0,0.48583333333333767,3.808000000000005,33.426770099570604,57.120000000000076,3.0,3.375,6.900629166666668
464,15.0,0.486666666666671,3.809000000000005,33.43304183464496,57.135000000000076,3.0,3.375,6.916500000000002
465,15.0,0.4875000000000044,3.8100000000000054,33.43928856723186,57.150000000000084,3.0,3.375,6.932375000000002
466,15.0,0.4883333333333377,3.8110000000000053,33.44551039700459,57.16500000000008,3.0,3.375,6.948254166666669
467,15.0,0.4891666666666711,3.812000000000005,33.45170742323907,57.18000000000008,3.0,3.375,6.964137500000002
468,15.0,0.49000000000000443,3.8130000000000055,33.45787974481546,57.195000000000086,3.0,3.375,6.980025000000002
469,15.0,0.4908333333333378,3.8140000000000054,33.46402746021972,57.21000000000008,3.0,3.375,6.995916666666669
470,15.0,0.49166666666667114,3.8150000000000053,33.470150667545205,57.22500000000008,3.0,3.375,7.011812500000002
471,15.0,0.4925000000000045,3.8160000000000056,33.47624946449422,57.24000000000009,3.0,3.375,7.0277125000000025
472,15.0,0.49333333333333784,3.8170000000000055,33.48232394837956,57.25500000000008,3.0,3.375,7.0436166666666695
473,15.0,0.4941666666666712,3.8180000000000054,33.4883742161261,57.27000000000008,3.0,3.375,7.0595250000000025
474,15.0,0.49500000000000455,3.8190000000000057,33.4944003642723,57.28500000000009,3.0,3.375,7.075437500000002
475,15.0,0.4958333333333379,3.8200000000000056,33.50040248897178,57.30000000000008,3.0,3.375,7.091354166666669
476,15.0,0.49666666666667125,3.8210000000000055,33.506380685994834,57.31500000000008,3.0,3.375,7.107275000000002
477,15.0,0.4975000000000046,3.822000000000006,33.51233505072997,57.33000000000009,3.0,3.375,7.123200000000002
478,15.0,0.49833333333333796,3.8230000000000057,33.51826567818543,57.345000000000084,3.0,3.375,7.139129166666669
479,15.0,0.4991666666666713,3.8240000000000056,33.52417266299068,57.360000000000085,3.0,3.375,7.155062500000003
480,15.0,0.5000000000000047,3.8250000000000055,33.53005609939796,57.375000000000085,3.0,3.375,7.171000000000003
481,15.0,0.500833333333338,3.826000000000006,33.53591608128377,57.390000000000086,3.0,3.375,7.1869416666666694
482,15.0,0.5016666666666714,3.8270000000000057,33.541752702150376,57.405000000000086,3.0,3.375,7.202887500000003
483,15.0,0.5025000000000047,3.8280000000000056,33.54756605512728,57.42000000000009,3.0,3.375,7.218837500000003
484,15.0,0.5033333333333381,3.8290000000000055,33.55335623297271,57.43500000000008,3.0,3.375,7.23479166666667
485,15.0,0.5041666666666714,3.830000000000006,33.55912332807514,57.45000000000009,3.0,3.375,7.250750000000004
486,15.0,0.5050000000000048,3.8310000000000057,33.56486743245471,57.46500000000009,3.0,3.375,7.266712500000003
487,15.0,0.5058333333333381,3.8320000000000056,33.570588637764736,57.48000000000008,3.0,3.375,7.28267916666667
488,15.0,0.5066666666666715,3.833000000000006,33.576287035293134,57.49500000000009,3.0,3.375,7.298650000000003
489,15.0,0.5075000000000048,3.834000000000006,33.58196271596392,57.51000000000009,3.0,3.375,7.314625000000003
490,15.0,0.5083333333333382,3.8350000000000057,33.58761577033862,57.525000000000084,3.0,3.375,7.33060416666667
491,15.0,0.5091666666666715,3.836000000000006,33.59324628861775,57.54000000000009,3.0,3.375,7.346587500000004
492,15.0,0.5100000000000049,3.837000000000006,33.598854360642214,57.55500000000009,3.0,3.375,7.362575000000003
493,15.0,0.5108333333333382,3.838000000000006,33.60444007589479,57.570000000000086,3.0,3.375,7.37856666666667
494,15.0,0.5116666666666716,3.839000000000006,33.61000352350152,57.58500000000009,3.0,3.375,7.394562500000003
495,15.0,0.512500000000005,3.840000000000006,33.61554479223313,57.600000000000094,3.0,3.375,7.410562500000003
496,15.0,0.5133333333333383,3.841000000000006,33.621063970506476,57.61500000000009,3.0,3.375,7.42656666666667
497,15.0,0.5141666666666717,3.8420000000000063,33.626561146385924,57.630000000000095,3.0,3.375,7.442575000000003
498,15.0,0.515000000000005,3.843000000000006,33.63203640758478,57.645000000000095,3.0,3.375,7.458587500000004
499,15.0,0.5158333333333384,3.844000000000006,33.63748984146666,57.66000000000009,3.0,3.375,7.47460416666667
500,15.0,0.5166666666666717,3.845000000000006,33.64292153504692,57.67500000000009,3.0,3.375,7.490625000000003
501,15.0,0.5175000000000051,3.8460000000000063,33.648331574994025,57.6900000000001,3.0,3.375,7.506650000000003
502,15.0,0.5183333333333384,3.847000000000006,33.65372004763092,57.70500000000009,3.0,3.375,7.52267916666667
503,15.0,0.5191666666666718,3.848000000000006,33.659087038936434,57.72000000000009,3.0,3.375,7.5387125000000035
504,15.0,0.5200000000000051,3.849000000000006,33.66443263454663,57.73500000000009,3.0,3.375,7.554750000000004
505,15.0,0.5208333333333385,3.8500000000000063,33.66975691975618,57.75000000000009,3.0,3.375,7.57079166666667
506,15.0,0.5216666666666718,3.851000000000006,33.67505997951973,57.76500000000009,3.0,3.375,7.586837500000003
507,15.0,0.5225000000000052,3.852000000000006,33.68034189845326,57.78000000000009,3.0,3.375,7.602887500000003
508,15.0,0.5233333333333385,3.8530000000000064,33.685602760835394,57.795000000000094,3.0,3.375,7.61894166666667
509,15.0,0.5241666666666719,3.8540000000000063,33.690842650608815,57.810000000000095,3.0,3.375,7.635000000000003
510,15.0,0.5250000000000052,3.855000000000006,33.69606165138155,57.825000000000095,3.0,3.375,7.651062500000004
511,15.0,0.5258333333333386,3.8560000000000065,33.70125984642831,57.840000000000096,3.0,3.375,7.667129166666671
512,15.0,0.526666666666672,3.8570000000000064,33.70643731869184,57.855000000000096,3.0,3.375,7.683200000000004
513,15.0,0.5275000000000053,3.8580000000000063,33.71159415078423,57.8700000000001,3.0,3.375,7.699275000000004
514,15.0,0.5283333333333387,3.8590000000000066,33.71673042498823,57.8850000000001,3.0,3.375,7.71535416666667
515,15.0,0.529166666666672,3.8600000000000065,33.72184622325856,57.9000000000001,3.0,3.375,7.731437500000004
516,15.0,0.5300000000000054,3.8610000000000064,33.72694162722325,57.9150000000001,3.0,3.375,7.747525000000004
517,15.0,0.5308333333333387,3.8620000000000068,33.73201671818489,57.9300000000001,3.0,3.375,7.763616666666671
518,15.0,0.5316666666666721,3.8630000000000067,33.73707157712196,57.9450000000001,3.0,3.375,7.779712500000004
519,15.0,0.5325000000000054,3.8640000000000065,33.74210628469013,57.9600000000001,3.0,3.375,7.795812500000004
520,15.0,0.5333333333333388,3.8650000000000064,33.74712092122353,57.975000000000094,3.0,3.375,7.81191666666667
521,15.0,0.5341666666666721,3.8660000000000068,33.75211556673601,57.9900000000001,3.0,3.375,7.828025000000004
522,15.0,0.5350000000000055,3.8670000000000067,33.75709030092248,58.0050000000001,3.0,3.375,7.844137500000004
523,15.0,0.5358333333333388,3.8680000000000065,33.76204520316012,58.020000000000095,3.0,3.375,7.860254166666671
524,15.0,0.5366666666666722,3.8690000000000064,33.76698035250968,58.035000000000096,3.0,3.375,7.876375000000004
525,15.0,0.5375000000000055,3.8700000000000068,33.77189582771672,58.050000000000104,3.0,3.375,7.892500000000004
526,15.0,0.5383333333333389,3.8710000000000067,33.77679170721289,58.0650000000001,3.0,3.375,7.90862916666667
527,15.0,0.5391666666666722,3.8720000000000065,33.78166806911716,58.0800000000001,3.0,3.375,7.9247625000000035
528,15.0,0.5400000000000056,3.873000000000007,33.78652499123709,58.095000000000105,3.0,3.375,7.940900000000004
529,15.0,0.5408333333333389,3.8740000000000068,33.79136255107004,58.1100000000001,3.0,3.375,7.957041666666671
530,15.0,0.5416666666666723,3.8750000000000067,33.796180825804434,58.1250000000001,3.0,3.375,7.973187500000004
531,15.0,0.5425000000000056,3.876000000000007,33.80097989232098,58.14000000000011,3.0,3.375,7.989337500000004
532,15.0,0.543333333333339,3.877000000000007,33.8057598271939,58.1550000000001,3.0,3.375,8.005491666666671
533,15.0,0.5441666666666723,3.8780000000000068,33.81052070669215,58.1700000000001,3.0,3.375,8.021650000000005
534,15.0,0.5450000000000057,3.879000000000007,33.81526260678064,58.18500000000011,3.0,3.375,8.037812500000005
535,15.0,0.545833333333339,3.880000000000007,33.81998560312144,58.2000000000001,3.0,3.375,8.053979166666672
536,15.0,0.5466666666666724,3.881000000000007,33.82468977107498,58.2150000000001,3.0,3.375,8.070150000000005
537,15.0,0.5475000000000058,3.8820000000000072,33.829375185701274,58.23000000000011,3.0,3.375,8.086325000000006
538,15.0,0.5483333333333391,3.883000000000007,33.83404192176111,58.245000000000104,3.0,3.375,8.102504166666673
539,15.0,0.5491666666666725,3.884000000000007,33.83869005371724,58.260000000000105,3.0,3.375,8.118687500000007
540,15.0,0.5500000000000058,3.885000000000007,33.84331965573555,58.275000000000105,3.0,3.375,8.134875000000008
541,15.0,0.5508333333333392,3.8860000000000072,33.84793080168628,58.290000000000106,3.0,3.375,8.151066666666674
542,15.0,0.5516666666666725,3.887000000000007,33.852523565145184,58.305000000000106,3.0,3.375,8.167262500000007
543,15.0,0.5525000000000059,3.888000000000007,33.85709801939469,58.32000000000011,3.0,3.375,8.183462500000006
544,15.0,0.5533333333333392,3.889000000000007,33.8616542374251,58.3350000000001,3.0,3.375,8.199666666666673
545,15.0,0.5541666666666726,3.8900000000000072,33.86619229193572,58.35000000000011,3.0,3.375,8.215875000000006
546,15.0,0.5550000000000059,3.891000000000007,33.870712255336045,58.36500000000011,3.0,3.375,8.232087500000006
547,15.0,0.5558333333333393,3.892000000000007,33.875214199746914,58.3800000000001,3.0,3.375,8.248304166666673
548,15.0,0.5566666666666726,3.8930000000000073,33.879698197001645,58.39500000000011,3.0,3.375,8.264525000000006
549,15.0,0.557500000000006,3.8940000000000072,33.884164318647194,58.41000000000011,3.0,3.375,8.280750000000006
550,15.0,0.5583333333333393,3.895000000000007,33.888612635945286,58.425000000000104,3.0,3.375,8.296979166666674
551,15.0,0.5591666666666727,3.8960000000000075,33.89304321987357,58.44000000000011,3.0,3.375,8.313212500000008
552,15.0,0.560000000000006,3.8970000000000073,33.89745614112673,58.45500000000011,3.0,3.375,8.329450000000008
553,15.0,0.5608333333333394,3.8980000000000072,33.901851470117634,58.470000000000105,3.0,3.375,8.345691666666674
554,15.0,0.5616666666666728,3.8990000000000076,33.906229276978436,58.48500000000011,3.0,3.375,8.361937500000007
555,15.0,0.5625000000000061,3.9000000000000075,33.910589631561706,58.500000000000114,3.0,3.375,8.378187500000006
556,15.0,0.5633333333333395,3.9010000000000074,33.91493260344156,58.51500000000011,3.0,3.375,8.394441666666673
557,15.0,0.5641666666666728,3.9020000000000077,33.91925826191473,58.530000000000115,3.0,3.375,8.410700000000006
558,15.0,0.5650000000000062,3.9030000000000076,33.923566676001705,58.545000000000115,3.0,3.375,8.426962500000005
559,15.0,0.5658333333333395,3.9040000000000075,33.927857914447834,58.56000000000011,3.0,3.375,8.443229166666672
560,15.0,0.5666666666666729,3.9050000000000074,33.932132045724394,58.57500000000011,3.0,3.375,8.459500000000006
561,15.0,0.5675000000000062,3.9060000000000077,33.93638913802971,58.59000000000012,3.0,3.375,8.475775000000006
562,15.0,0.5683333333333396,3.9070000000000076,33.940629259290226,58.60500000000011,3.0,3.375,8.492054166666673
563,15.0,0.5691666666666729,3.9080000000000075,33.94485247716159,58.62000000000011,3.0,3.375,8.508337500000007
564,15.0,0.5700000000000063,3.9090000000000074,33.94905885902974,58.63500000000011,3.0,3.375,8.524625000000007
565,15.0,0.5708333333333396,3.9100000000000077,33.95324847201199,58.65000000000011,3.0,3.375,8.540916666666675
566,15.0,0.571666666666673,3.9110000000000076,33.95742138295808,58.66500000000011,3.0,3.375,8.557212500000007
567,15.0,0.5725000000000063,3.9120000000000075,33.96157765845125,58.68000000000011,3.0,3.375,8.573512500000007
568,15.0,0.5733333333333397,3.913000000000008,33.9657173648093,58.695000000000114,3.0,3.375,8.589816666666673
569,15.0,0.574166666666673,3.9140000000000077,33.969840568085665,58.710000000000115,3.0,3.375,8.606125000000006
570,15.0,0.5750000000000064,3.9150000000000076,33.97394733407044,58.725000000000115,3.0,3.375,8.622437500000006
571,15.0,0.5758333333333397,3.916000000000008,33.978037728291454,58.740000000000116,3.0,3.375,8.638754166666672
572,15.0,0.5766666666666731,3.917000000000008,33.98211181601531,58.755000000000116,3.0,3.375,8.655075000000005
573,15.0,0.5775000000000065,3.9180000000000077,33.98616966224842,58.77000000000012,3.0,3.375,8.671400000000006
574,15.0,0.5783333333333398,3.919000000000008,33.99021133173804,58.78500000000012,3.0,3.375,8.687729166666672
575,15.0,0.5791666666666732,3.920000000000008,33.99423688897331,58.80000000000012,3.0,3.375,8.704062500000006
576,15.0,0.5800000000000065,3.921000000000008,33.998246398186296,58.81500000000012,3.0,3.375,8.720400000000007
577,15.0,0.5808333333333399,3.922000000000008,34.00223992335299,58.83000000000012,3.0,3.375,8.736741666666674
578,15.0,0.5816666666666732,3.923000000000008,34.006217528194334,58.84500000000012,3.0,3.375,8.753087500000008
579,15.0,0.5825000000000066,3.924000000000008,34.01017927617726,58.86000000000012,3.0,3.375,8.769437500000008
580,15.0,0.5833333333333399,3.925000000000008,34.014125230515674,58.875000000000114,3.0,3.375,8.785791666666674
581,15.0,0.5841666666666733,3.926000000000008,34.01805545417149,58.89000000000012,3.0,3.375,8.802150000000006
582,15.0,0.5850000000000066,3.927000000000008,34.0219700098556,58.90500000000012,3.0,3.375,8.818512500000006
583,15.0,0.58583333333334,3.928000000000008,34.02586896002892,58.920000000000115,3.0,3.375,8.834879166666672
584,15.0,0.5866666666666733,3.929000000000008,34.02975236690337,58.935000000000116,3.0,3.375,8.851250000000006
585,15.0,0.5875000000000067,3.930000000000008,34.03362029244282,58.950000000000124,3.0,3.375,8.867625000000006
586,15.0,0.58833333333334,3.931000000000008,34.037472798364156,58.96500000000012,3.0,3.375,8.884004166666672
587,15.0,0.5891666666666734,3.932000000000008,34.04130994613822,58.98000000000012,3.0,3.375,8.900387500000006
588,15.0,0.5900000000000067,3.9330000000000083,34.04513179699079,58.995000000000125,3.0,3.375,8.916775000000007
589,15.0,0.5908333333333401,3.934000000000008,34.04893841190356,59.01000000000012,3.0,3.375,8.933166666666674
590,15.0,0.5916666666666734,3.935000000000008,34.05272985161515,59.02500000000012,3.0,3.375,8.949562500000008
591,15.0,0.5925000000000068,3.9360000000000084,34.056506176621994,59.04000000000013,3.0,3.375,8.965962500000009
592,15.0,0.5933333333333402,3.9370000000000083,34.0602674471794,59.05500000000012,3.0,3.375,8.982366666666675
593,15.0,0.5941666666666735,3.938000000000008,34.064013723302445,59.07000000000012,3.0,3.375,8.998775000000007
594,15.0,0.5950000000000069,3.9390000000000085,34.06774506476695,59.08500000000013,3.0,3.375,9.015187500000007
595,15.0,0.5958333333333402,3.9400000000000084,34.07146153111046,59.10000000000012,3.0,3.375,9.031604166666673
596,15.0,0.5966666666666736,3.9410000000000083,34.07516318163314,59.11500000000012,3.0,3.375,9.048025000000006
597,15.0,0.5975000000000069,3.9420000000000086,34.078850075398776,59.13000000000013,3.0,3.375,9.064450000000006
598,15.0,0.5983333333333403,3.9430000000000085,34.08252227123569,59.145000000000124,3.0,3.375,9.080879166666673
599,15.0,0.5991666666666736,3.9440000000000084,34.08617982773767,59.160000000000124,3.0,3.375,9.097312500000006
600,15.0,0.600000000000007,3.9450000000000083,34.089822803264944,59.175000000000125,3.0,3.375,9.113750000000007
601,15.0,0.6008333333333403,3.9460000000000086,34.093451255945055,59.190000000000126,3.0,3.375,9.130191666666674
602,15.0,0.6016666666666737,3.9470000000000085,34.09706524367384,59.205000000000126,3.0,3.375,9.146637500000008
603,15.0,0.602500000000007,3.9480000000000084,34.100664824116315,59.22000000000013,3.0,3.375,9.163087500000008
604,15.0,0.6033333333333404,3.9490000000000083,34.10425005470763,59.23500000000013,3.0,3.375,9.179541666666676
605,15.0,0.6041666666666737,3.9500000000000086,34.107820992653956,59.25000000000013,3.0,3.375,9.196000000000009
606,15.0,0.6050000000000071,3.9510000000000085,34.11137769493342,59.26500000000013,3.0,3.375,9.212462500000008
607,15.0,0.6058333333333404,3.9520000000000084,34.11492021829699,59.28000000000013,3.0,3.375,9.228929166666674
608,15.0,0.6066666666666738,3.9530000000000087,34.1184486192694,59.29500000000013,3.0,3.375,9.245400000000007
609,15.0,0.6075000000000071,3.9540000000000086,34.12196295415006,59.31000000000013,3.0,3.375,9.261875000000007
610,15.0,0.6083333333333405,3.9550000000000085,34.125463279013914,59.32500000000013,3.0,3.375,9.278354166666674
611,15.0,0.6091666666666739,3.956000000000009,34.12894964971239,59.34000000000013,3.0,3.375,9.294837500000007
612,15.0,0.6100000000000072,3.9570000000000087,34.132422121874235,59.35500000000013,3.0,3.375,9.311325000000007
613,15.0,0.6108333333333406,3.9580000000000086,34.13588075090645,59.37000000000013,3.0,3.375,9.327816666666674
614,15.0,0.6116666666666739,3.959000000000009,34.139325591995146,59.38500000000013,3.0,3.375,9.344312500000008
615,15.0,0.6125000000000073,3.960000000000009,34.14275670010643,59.400000000000134,3.0,3.375,9.360812500000009
616,15.0,0.6133333333333406,3.9610000000000087,34.146174129987294,59.415000000000134,3.0,3.375,9.377316666666676
617,15.0,0.614166666666674,3.962000000000009,34.14957793616647,59.430000000000135,3.0,3.375,9.39382500000001
618,15.0,0.6150000000000073,3.963000000000009,34.15296817295532,59.445000000000135,3.0,3.375,9.41033750000001
619,15.0,0.6158333333333407,3.964000000000009,34.15634489444867,59.460000000000136,3.0,3.375,9.426854166666676
620,15.0,0.616666666666674,3.9650000000000087,34.15970815452573,59.47500000000013,3.0,3.375,9.443375000000009
621,15.0,0.6175000000000074,3.966000000000009,34.16305800685088,59.49000000000014,3.0,3.375,9.459900000000008
622,15.0,0.6183333333333407,3.967000000000009,34.166394504874596,59.50500000000014,3.0,3.375,9.476429166666675
623,15.0,0.6191666666666741,3.968000000000009,34.16971770183426,59.52000000000013,3.0,3.375,9.492962500000008
624,15.0,0.6200000000000074,3.9690000000000087,34.17302765075501,59.53500000000013,3.0,3.375,9.509500000000008
625,15.0,0.6208333333333408,3.970000000000009,34.17632440445062,59.55000000000014,3.0,3.375,9.526041666666675
626,15.0,0.6216666666666741,3.971000000000009,34.1796080155243,59.56500000000013,3.0,3.375,9.542587500000009
627,15.0,0.6225000000000075,3.972000000000009,34.18287853636957,59.58000000000013,3.0,3.375,9.55913750000001
628,15.0,0.6233333333333408,3.973000000000009,34.18613601917107,59.59500000000014,3.0,3.375,9.575691666666676
629,15.0,0.6241666666666742,3.974000000000009,34.18938051590542,59.610000000000134,3.0,3.375,9.59225000000001
630,15.0,0.6250000000000075,3.975000000000009,34.19261207834201,59.625000000000135,3.0,3.375,9.608812500000012
631,15.0,0.6258333333333409,3.9760000000000093,34.19583075804387,59.64000000000014,3.0,3.375,9.625379166666677
632,15.0,0.6266666666666743,3.977000000000009,34.199036606368466,59.655000000000136,3.0,3.375,9.64195000000001
633,15.0,0.6275000000000076,3.978000000000009,34.20222967446852,59.67000000000014,3.0,3.375,9.65852500000001
634,15.0,0.628333333333341,3.9790000000000094,34.20541001329284,59.685000000000144,3.0,3.375,9.675104166666676
635,15.0,0.6291666666666743,3.9800000000000093,34.20857767358712,59.70000000000014,3.0,3.375,9.69168750000001
636,15.0,0.6300000000000077,3.981000000000009,34.211732705894754,59.71500000000014,3.0,3.375,9.70827500000001
637,15.0,0.630833333333341,3.9820000000000095,34.214875160557646,59.730000000000146,3.0,3.375,9.724866666666676
638,15.0,0.6316666666666744,3.9830000000000094,34.21800508771701,59.74500000000014,3.0,3.375,9.74146250000001
639,15.0,0.6325000000000077,3.9840000000000093,34.22112253731417,59.76000000000014,3.0,3.375,9.75806250000001
640,15.0,0.6333333333333411,3.985000000000009,34.22422755909136,59.77500000000014,3.0,3.375,9.774666666666677
641,15.0,0.6341666666666744,3.9860000000000095,34.2273202025925,59.79000000000014,3.0,3.375,9.791275000000011
642,15.0,0.6350000000000078,3.9870000000000094,34.23040051716402,59.80500000000014,3.0,3.375,9.807887500000012
643,15.0,0.6358333333333411,3.9880000000000093,34.233468551955625,59.82000000000014,3.0,3.375,9.824504166666678
644,15.0,0.6366666666666745,3.989000000000009,34.23652435592108,59.835000000000136,3.0,3.375,9.84112500000001
645,15.0,0.6375000000000078,3.9900000000000095,34.23956797781898,59.85000000000014,3.0,3.375,9.85775000000001
646,15.0,0.6383333333333412,3.9910000000000094,34.24259946621357,59.865000000000144,3.0,3.375,9.874379166666676
647,15.0,0.6391666666666745,3.9920000000000093,34.24561886947547,59.88000000000014,3.0,3.375,9.89101250000001
648,15.0,0.6400000000000079,3.9930000000000097,34.24862623578249,59.895000000000145,3.0,3.375,9.90765000000001
649,15.0,0.6408333333333412,3.9940000000000095,34.25162161312035,59.910000000000146,3.0,3.375,9.924291666666676
650,15.0,0.6416666666666746,3.9950000000000094,34.2546050492835,59.92500000000014,3.0,3.375,9.94093750000001
651,15.0,0.642500000000008,3.9960000000000098,34.25757659187583,59.94000000000015,3.0,3.375,9.95758750000001
652,15.0,0.6433333333333413,3.9970000000000097,34.26053628831148,59.95500000000015,3.0,3.375,9.974241666666677
653,15.0,0.6441666666666747,3.9980000000000095,34.26348418581555,59.97000000000014,3.0,3.375,9.99090000000001
654,15.0,0.645000000000008,3.99900000000001,34.2664203314249,59.98500000000015,3.0,3.375,10.007562500000011
655,15.0,0.6458333333333414,4.00000000000001,34.26934477198885,60.00000000000015,3.0,3.375,10.024229166666679
656,15.0,0.6466666666666747,4.001000000000009,34.27225755416997,60.015000000000136,3.0,3.375,10.040900000000011
657,15.0,0.6475000000000081,4.0020000000000095,34.27515872444481,60.03000000000014,3.0,3.375,10.05757500000001
658,15.0,0.6483333333333414,4.00300000000001,34.27804832910462,60.04500000000015,3.0,3.375,10.074254166666677
659,15.0,0.6491666666666748,4.004000000000009,34.280926414256136,60.06000000000014,3.0,3.375,10.09093750000001
660,15.0,0.6500000000000081,4.00500000000001,34.28379302582226,60.075000000000145,3.0,3.375,10.10762500000001
661,15.0,0.6508333333333415,4.00600000000001,34.286648209542854,60.09000000000015,3.0,3.375,10.124316666666676
662,15.0,0.6516666666666748,4.007000000000009,34.2894920109754,60.10500000000014,3.0,3.375,10.14101250000001
663,15.0,0.6525000000000082,4.00800000000001,34.29232447549579,60.12000000000015,3.0,3.375,10.15771250000001
664,15.0,0.6533333333333415,4.009000000000009,34.295145648299005,60.13500000000014,3.0,3.375,10.174416666666676
665,15.0,0.6541666666666749,4.01000000000001,34.29795557439987,60.15000000000014,3.0,3.375,10.19112500000001
666,15.0,0.6550000000000082,4.01100000000001,34.30075429863375,60.16500000000015,3.0,3.375,10.20783750000001
667,15.0,0.6558333333333416,4.012000000000009,34.303541865657266,60.18000000000014,3.0,3.375,10.224554166666678
668,15.0,0.656666666666675,4.01300000000001,34.30631831994903,60.19500000000014,3.0,3.375,10.241275000000012
669,15.0,0.6575000000000083,4.01400000000001,34.30908370581032,60.21000000000015,3.0,3.375,10.258000000000012
670,15.0,0.6583333333333417,4.0150000000000095,34.31183806736583,60.22500000000014,3.0,3.375,10.274729166666678
671,15.0,0.659166666666675,4.01600000000001,34.31458144856431,60.240000000000144,3.0,3.375,10.29146250000001
672,15.0,0.6600000000000084,4.01700000000001,34.31731389317935,60.25500000000015,3.0,3.375,10.30820000000001
673,15.0,0.6608333333333417,4.01800000000001,34.32003544481002,60.270000000000145,3.0,3.375,10.324941666666676
674,15.0,0.6616666666666751,4.01900000000001,34.322746146881556,60.285000000000146,3.0,3.375,10.34168750000001
675,15.0,0.6625000000000084,4.02000000000001,34.325446042646114,60.30000000000015,3.0,3.375,10.35843750000001
676,15.0,0.6633333333333418,4.02100000000001,34.328135175183405,60.31500000000015,3.0,3.375,10.375191666666677
677,15.0,0.6641666666666751,4.02200000000001,34.3308135874014,60.33000000000015,3.0,3.375,10.39195000000001
678,15.0,0.6650000000000085,4.02300000000001,34.333481322037024,60.345000000000155,3.0,3.375,10.40871250000001
679,15.0,0.6658333333333418,4.02400000000001,34.33613842165683,60.36000000000015,3.0,3.375,10.425479166666678
680,15.0,0.6666666666666752,4.02500000000001,34.33878492865767,60.37500000000015,3.0,3.375,10.442250000000012
681,15.0,0.6675000000000085,4.0260000000000105,34.341420885267375,60.39000000000016,3.0,3.375,10.459025000000013
682,15.0,0.6683333333333419,4.02700000000001,34.34404633354546,60.40500000000015,3.0,3.375,10.475804166666679
683,15.0,0.6691666666666752,4.02800000000001,34.346661315383734,60.42000000000015,3.0,3.375,10.492587500000012
684,15.0,0.6700000000000086,4.02900000000001,34.349265872507026,60.435000000000144,3.0,3.375,10.509375000000011
685,15.0,0.6708333333333419,4.03000000000001,34.351860046473824,60.45000000000015,3.0,3.375,10.526166666666677
686,15.0,0.6716666666666753,4.03100000000001,34.35444387867693,60.46500000000015,3.0,3.375,10.54296250000001
687,15.0,0.6725000000000086,4.03200000000001,34.35701741034415,60.480000000000146,3.0,3.375,10.55976250000001
688,15.0,0.673333333333342,4.03300000000001,34.35958068253891,60.495000000000154,3.0,3.375,10.576566666666677
689,15.0,0.6741666666666754,4.0340000000000105,34.36213373616096,60.510000000000154,3.0,3.375,10.59337500000001
690,15.0,0.6750000000000087,4.03500000000001,34.364676611947,60.52500000000015,3.0,3.375,10.610187500000011
691,15.0,0.6758333333333421,4.03600000000001,34.367209350471306,60.540000000000155,3.0,3.375,10.627004166666678
692,15.0,0.6766666666666754,4.037000000000011,34.36973199214643,60.555000000000156,3.0,3.375,10.643825000000012
693,15.0,0.6775000000000088,4.03800000000001,34.3722445772238,60.57000000000015,3.0,3.375,10.660650000000013
694,15.0,0.6783333333333421,4.03900000000001,34.3747471457944,60.58500000000016,3.0,3.375,10.67747916666668
695,15.0,0.6791666666666755,4.040000000000011,34.377239737789374,60.60000000000016,3.0,3.375,10.694312500000013
696,15.0,0.6800000000000088,4.04100000000001,34.37972239298068,60.61500000000015,3.0,3.375,10.711150000000012
697,15.0,0.6808333333333422,4.0420000000000105,34.38219515098174,60.63000000000016,3.0,3.375,10.727991666666679
698,15.0,0.6816666666666755,4.043000000000011,34.384658051248024,60.64500000000016,3.0,3.375,10.744837500000012
699,15.0,0.6825000000000089,4.04400000000001,34.38711113307774,60.66000000000015,3.0,3.375,10.761687500000011
700,15.0,0.6833333333333422,4.045000000000011,34.38955443561242,60.67500000000016,3.0,3.375,10.778541666666678
701,15.0,0.6841666666666756,4.046000000000011,34.39198799783756,60.69000000000016,3.0,3.375,10.795400000000011
702,15.0,0.6850000000000089,4.04700000000001,34.39441185858325,60.705000000000155,3.0,3.375,10.812262500000012
703,15.0,0.6858333333333423,4.048000000000011,34.39682605652476,60.72000000000016,3.0,3.375,10.829129166666679
704,15.0,0.6866666666666756,4.04900000000001,34.39923063018319,60.735000000000156,3.0,3.375,10.846000000000013
705,15.0,0.687500000000009,4.0500000000000105,34.40162561792608,60.750000000000156,3.0,3.375,10.862875000000013
706,15.0,0.6883333333333423,4.051000000000011,34.40401105796801,60.765000000000164,3.0,3.375,10.87975416666668
707,15.0,0.6891666666666757,4.05200000000001,34.406386988371224,60.78000000000016,3.0,3.375,10.896637500000015
708,15.0,0.690000000000009,4.053000000000011,34.408753447046216,60.79500000000016,3.0,3.375,10.913525000000014
709,15.0,0.6908333333333424,4.054000000000011,34.41111047175236,60.810000000000166,3.0,3.375,10.93041666666668
710,15.0,0.6916666666666758,4.05500000000001,34.41345810009849,60.82500000000016,3.0,3.375,10.947312500000013
711,15.0,0.6925000000000091,4.056000000000011,34.41579636954352,60.84000000000016,3.0,3.375,10.964212500000013
712,15.0,0.6933333333333425,4.057000000000011,34.41812531739704,60.85500000000017,3.0,3.375,10.98111666666668
713,15.0,0.6941666666666758,4.0580000000000105,34.420444980819894,60.87000000000016,3.0,3.375,10.998025000000013
714,15.0,0.6950000000000092,4.059000000000011,34.422755396824776,60.88500000000016,3.0,3.375,11.014937500000013
715,15.0,0.6958333333333425,4.060000000000011,34.42505660227684,60.90000000000017,3.0,3.375,11.03185416666668
716,15.0,0.6966666666666759,4.061000000000011,34.42734863389427,60.91500000000016,3.0,3.375,11.048775000000013
717,15.0,0.6975000000000092,4.062000000000011,34.42963152824887,60.93000000000016,3.0,3.375,11.065700000000014
718,15.0,0.6983333333333426,4.063000000000011,34.431905321766656,60.94500000000017,3.0,3.375,11.082629166666681
719,15.0,0.6991666666666759,4.064000000000011,34.43417005072843,60.960000000000164,3.0,3.375,11.099562500000015
720,15.0,0.7000000000000093,4.065000000000011,34.436425751270356,60.975000000000165,3.0,3.375,11.116500000000014
721,15.0,0.7008333333333426,4.066000000000011,34.438672459384534,60.99000000000017,3.0,3.375,11.13344166666668
722,15.0,0.701666666666676,4.067000000000011,34.44091021091959,61.005000000000166,3.0,3.375,11.150387500000013
723,15.0,0.7025000000000093,4.068000000000011,34.44313904158123,61.02000000000017,3.0,3.375,11.167337500000013
724,15.0,0.7033333333333427,4.069000000000011,34.44535898693283,61.03500000000016,3.0,3.375,11.18429166666668
725,15.0,0.704166666666676,4.070000000000011,34.44757008239598,61.05000000000017,3.0,3.375,11.201250000000012
726,15.0,0.7050000000000094,4.071000000000011,34.44977236325106,61.06500000000017,3.0,3.375,11.218212500000012
727,15.0,0.7058333333333427,4.072000000000011,34.45196586463781,61.08000000000016,3.0,3.375,11.23517916666668
728,15.0,0.7066666666666761,4.073000000000011,34.4541506215559,61.09500000000017,3.0,3.375,11.252150000000013
729,15.0,0.7075000000000095,4.074000000000011,34.45632666886543,61.11000000000017,3.0,3.375,11.269125000000013
730,15.0,0.7083333333333428,4.075000000000011,34.458494041287565,61.12500000000016,3.0,3.375,11.28610416666668
731,15.0,0.7091666666666762,4.076000000000011,34.46065277340504,61.14000000000017,3.0,3.375,11.303087500000014
732,15.0,0.7100000000000095,4.0770000000000115,34.46280289966273,61.15500000000017,3.0,3.375,11.320075000000015
733,15.0,0.7108333333333429,4.078000000000011,34.46494445436818,61.170000000000165,3.0,3.375,11.337066666666681
734,15.0,0.7116666666666762,4.079000000000011,34.46707747169219,61.18500000000017,3.0,3.375,11.354062500000014
735,15.0,0.7125000000000096,4.080000000000012,34.46920198566932,61.20000000000017,3.0,3.375,11.371062500000013
736,15.0,0.7133333333333429,4.081000000000011,34.47131803019846,61.21500000000017,3.0,3.375,11.38806666666668
737,15.0,0.7141666666666763,4.082000000000011,34.47342563904335,61.230000000000175,3.0,3.375,11.405075000000013
738,15.0,0.7150000000000096,4.083000000000012,34.47552484583313,61.245000000000175,3.0,3.375,11.422087500000012
739,15.0,0.715833333333343,4.084000000000011,34.47761568406288,61.26000000000017,3.0,3.375,11.439104166666679
740,15.0,0.7166666666666763,4.0850000000000115,34.47969818709417,61.275000000000176,3.0,3.375,11.456125000000013
741,15.0,0.7175000000000097,4.086000000000012,34.48177238815554,61.29000000000018,3.0,3.375,11.473150000000013
742,15.0,0.718333333333343,4.087000000000011,34.48383832034308,61.30500000000017,3.0,3.375,11.49017916666668
743,15.0,0.7191666666666764,4.088000000000012,34.48589601662095,61.32000000000018,3.0,3.375,11.507212500000014
744,15.0,0.7200000000000097,4.089000000000011,34.48794550982188,61.335000000000164,3.0,3.375,11.524250000000015
745,15.0,0.7208333333333431,4.090000000000011,34.48998683264771,61.35000000000017,3.0,3.375,11.541291666666682
746,15.0,0.7216666666666764,4.091000000000012,34.49202001766993,61.36500000000018,3.0,3.375,11.558337500000015
747,15.0,0.7225000000000098,4.092000000000011,34.49404509733017,61.380000000000166,3.0,3.375,11.575387500000014
748,15.0,0.7233333333333432,4.0930000000000115,34.496062103940744,61.395000000000174,3.0,3.375,11.59244166666668
749,15.0,0.7241666666666765,4.094000000000012,34.49807106968513,61.41000000000018,3.0,3.375,11.609500000000013
750,15.0,0.7250000000000099,4.095000000000011,34.500072026618525,61.42500000000017,3.0,3.375,11.626562500000013
751,15.0,0.7258333333333432,4.096000000000012,34.502065006668325,61.440000000000175,3.0,3.375,11.64362916666668
752,15.0,0.7266666666666766,4.097000000000012,34.504050041634656,61.45500000000018,3.0,3.375,11.660700000000013
753,15.0,0.7275000000000099,4.098000000000011,34.50602716319086,61.47000000000017,3.0,3.375,11.677775000000013
754,15.0,0.7283333333333433,4.099000000000012,34.50799640288402,61.48500000000018,3.0,3.375,11.69485416666668
755,15.0,0.7291666666666766,4.100000000000012,34.50995779213545,61.500000000000185,3.0,3.375,11.711937500000014
756,15.0,0.73000000000001,4.1010000000000115,34.51191136224122,61.51500000000017,3.0,3.375,11.729025000000014
757,15.0,0.7308333333333433,4.102000000000012,34.513857144372615,61.53000000000018,3.0,3.375,11.746116666666682
758,15.0,0.7316666666666767,4.103000000000012,34.515795169576656,61.545000000000186,3.0,3.375,11.763212500000016
759,15.0,0.73250000000001,4.104000000000012,34.517725468776604,61.56000000000017,3.0,3.375,11.780312500000015
760,15.0,0.7333333333333434,4.105000000000012,34.51964807277245,61.57500000000018,3.0,3.375,11.797416666666681
761,15.0,0.7341666666666767,4.106000000000012,34.52156301224137,61.59000000000019,3.0,3.375,11.814525000000014
762,15.0,0.7350000000000101,4.107000000000012,34.52347031773829,61.605000000000175,3.0,3.375,11.831637500000014
763,15.0,0.7358333333333434,4.108000000000012,34.525370019696275,61.62000000000018,3.0,3.375,11.84875416666668
764,15.0,0.7366666666666768,4.1090000000000115,34.52726214842711,61.635000000000176,3.0,3.375,11.865875000000013
765,15.0,0.7375000000000101,4.110000000000012,34.529146734121724,61.650000000000176,3.0,3.375,11.883000000000013
766,15.0,0.7383333333333435,4.111000000000012,34.53102380685068,61.665000000000184,3.0,3.375,11.90012916666668
767,15.0,0.7391666666666769,4.112000000000012,34.53289339656469,61.68000000000018,3.0,3.375,11.917262500000014
768,15.0,0.7400000000000102,4.113000000000012,34.53475553309504,61.69500000000018,3.0,3.375,11.934400000000014
769,15.0,0.7408333333333436,4.114000000000012,34.536610246154105,61.710000000000186,3.0,3.375,11.951541666666682
770,15.0,0.7416666666666769,4.115000000000012,34.53845756533581,61.72500000000018,3.0,3.375,11.968687500000016
771,15.0,0.7425000000000103,4.116000000000012,34.5402975201161,61.74000000000018,3.0,3.375,11.985837500000017
772,15.0,0.7433333333333436,4.117000000000012,34.54213013985341,61.75500000000019,3.0,3.375,12.002991666666682
773,15.0,0.744166666666677,4.118000000000012,34.54395545378915,61.77000000000018,3.0,3.375,12.020150000000015
774,15.0,0.7450000000000103,4.119000000000012,34.545773491048145,61.78500000000018,3.0,3.375,12.037312500000015
775,15.0,0.7458333333333437,4.1200000000000125,34.547584280639114,61.80000000000019,3.0,3.375,12.054479166666681
776,15.0,0.746666666666677,4.121000000000012,34.54938785145514,61.81500000000018,3.0,3.375,12.071650000000014
777,15.0,0.7475000000000104,4.122000000000012,34.5511842322741,61.83000000000018,3.0,3.375,12.088825000000014
778,15.0,0.7483333333333437,4.123000000000013,34.55297345175919,61.84500000000019,3.0,3.375,12.10600416666668
779,15.0,0.7491666666666771,4.124000000000012,34.554755538459304,61.860000000000184,3.0,3.375,12.123187500000014
780,15.0,0.7500000000000104,4.125000000000012,34.55653052080953,61.875000000000185,3.0,3.375,12.140375000000015
781,15.0,0.7508333333333438,4.126000000000012,34.558298427131604,61.89000000000018,3.0,3.375,12.157566666666682
782,15.0,0.7516666666666771,4.127000000000012,34.56005928563436,61.905000000000186,3.0,3.375,12.174762500000016
783,15.0,0.7525000000000105,4.1280000000000125,34.561813124414165,61.920000000000186,3.0,3.375,12.191962500000017
784,15.0,0.7533333333333438,4.129000000000012,34.56355997145539,61.93500000000018,3.0,3.375,12.209166666666684
785,15.0,0.7541666666666772,4.130000000000012,34.565299854630844,61.95000000000019,3.0,3.375,12.226375000000017
786,15.0,0.7550000000000106,4.131000000000013,34.56703280170221,61.96500000000019,3.0,3.375,12.243587500000016
787,15.0,0.7558333333333439,4.132000000000012,34.56875884032051,61.98000000000018,3.0,3.375,12.260804166666682
788,15.0,0.7566666666666773,4.133000000000012,34.57047799802653,61.99500000000019,3.0,3.375,12.278025000000016
789,15.0,0.7575000000000106,4.134000000000013,34.572190302251265,62.01000000000019,3.0,3.375,12.295250000000015
790,15.0,0.758333333333344,4.135000000000012,34.57389578031635,62.02500000000018,3.0,3.375,12.312479166666682
791,15.0,0.7591666666666773,4.1360000000000126,34.575594459434505,62.04000000000019,3.0,3.375,12.329712500000015
792,15.0,0.7600000000000107,4.137000000000013,34.57728636670997,62.05500000000019,3.0,3.375,12.346950000000016
793,15.0,0.760833333333344,4.138000000000012,34.578971529138926,62.070000000000185,3.0,3.375,12.364191666666683
794,15.0,0.7616666666666774,4.139000000000013,34.58064997360994,62.08500000000019,3.0,3.375,12.381437500000017
795,15.0,0.7625000000000107,4.140000000000013,34.58232172690437,62.10000000000019,3.0,3.375,12.398687500000017
796,15.0,0.7633333333333441,4.1410000000000124,34.58398681569683,62.11500000000019,3.0,3.375,12.415941666666685
797,15.0,0.7641666666666774,4.142000000000013,34.58564526655559,62.130000000000194,3.0,3.375,12.433200000000019
798,15.0,0.7650000000000108,4.143000000000013,34.58729710594299,62.145000000000195,3.0,3.375,12.450462500000018
799,15.0,0.7658333333333441,4.144000000000013,34.588942360215896,62.16000000000019,3.0,3.375,12.467729166666684
800,15.0,0.7666666666666775,4.145000000000013,34.59058105562609,62.175000000000196,3.0,3.375,12.485000000000017
801,15.0,0.7675000000000108,4.146000000000012,34.59221321832071,62.19000000000018,3.0,3.375,12.502275000000017
802,15.0,0.7683333333333442,4.147000000000013,34.59383887434264,62.20500000000019,3.0,3.375,12.519554166666683
803,15.0,0.7691666666666775,4.148000000000013,34.595458049630956,62.2200000000002,3.0,3.375,12.536837500000017
804,15.0,0.7700000000000109,4.1490000000000125,34.59707077002133,62.235000000000184,3.0,3.375,12.554125000000017
805,15.0,0.7708333333333443,4.150000000000013,34.59867706124644,62.25000000000019,3.0,3.375,12.571416666666684
806,15.0,0.7716666666666776,4.151000000000013,34.60027694893637,62.2650000000002,3.0,3.375,12.588712500000018
807,15.0,0.772500000000011,4.152000000000013,34.601870458619025,62.280000000000186,3.0,3.375,12.606012500000018
808,15.0,0.7733333333333443,4.153000000000013,34.603457615720565,62.29500000000019,3.0,3.375,12.623316666666685
809,15.0,0.7741666666666777,4.154000000000013,34.60503844556576,62.3100000000002,3.0,3.375,12.64062500000002
810,15.0,0.775000000000011,4.155000000000013,34.60661297337844,62.32500000000019,3.0,3.375,12.657937500000019
811,15.0,0.7758333333333444,4.156000000000013,34.60818122428187,62.340000000000195,3.0,3.375,12.675254166666685
812,15.0,0.7766666666666777,4.157000000000013,34.609743223299176,62.3550000000002,3.0,3.375,12.692575000000017
813,15.0,0.7775000000000111,4.158000000000013,34.61129899535371,62.37000000000019,3.0,3.375,12.709900000000017
814,15.0,0.7783333333333444,4.159000000000013,34.612848565269466,62.3850000000002,3.0,3.375,12.727229166666683
815,15.0,0.7791666666666778,4.1600000000000135,34.614391957771495,62.400000000000205,3.0,3.375,12.744562500000017
816,15.0,0.7800000000000111,4.161000000000013,34.61592919748626,62.41500000000019,3.0,3.375,12.761900000000017
817,15.0,0.7808333333333445,4.162000000000013,34.617460308942064,62.4300000000002,3.0,3.375,12.779241666666683
818,15.0,0.7816666666666778,4.163000000000014,34.61898531656942,62.445000000000206,3.0,3.375,12.796587500000017
819,15.0,0.7825000000000112,4.164000000000013,34.62050424470145,62.46000000000019,3.0,3.375,12.813937500000018
820,15.0,0.7833333333333445,4.165000000000013,34.62201711757427,62.4750000000002,3.0,3.375,12.831291666666685
821,15.0,0.7841666666666779,4.166000000000013,34.623523959327386,62.490000000000194,3.0,3.375,12.848650000000019
822,15.0,0.7850000000000112,4.167000000000013,34.625024794004055,62.505000000000194,3.0,3.375,12.86601250000002
823,15.0,0.7858333333333446,4.1680000000000135,34.6265196455517,62.5200000000002,3.0,3.375,12.883379166666685
824,15.0,0.786666666666678,4.169000000000013,34.62800853782227,62.535000000000196,3.0,3.375,12.900750000000018
825,15.0,0.7875000000000113,4.170000000000013,34.62949149457262,62.550000000000196,3.0,3.375,12.918125000000018
826,15.0,0.7883333333333447,4.171000000000014,34.63096853946492,62.565000000000204,3.0,3.375,12.935504166666684
827,15.0,0.789166666666678,4.172000000000013,34.63243969606698,62.5800000000002,3.0,3.375,12.952887500000017
828,15.0,0.7900000000000114,4.173000000000013,34.63390498785268,62.5950000000002,3.0,3.375,12.970275000000017
829,15.0,0.7908333333333447,4.174000000000014,34.63536443820231,62.610000000000205,3.0,3.375,12.987666666666684
830,15.0,0.7916666666666781,4.175000000000013,34.63681807040295,62.6250000000002,3.0,3.375,13.005062500000017
831,15.0,0.7925000000000114,4.1760000000000135,34.638265907648865,62.6400000000002,3.0,3.375,13.022462500000017
832,15.0,0.7933333333333448,4.177000000000014,34.63970797304183,62.65500000000021,3.0,3.375,13.039866666666684
833,15.0,0.7941666666666781,4.178000000000013,34.64114428959154,62.6700000000002,3.0,3.375,13.057275000000018
834,15.0,0.7950000000000115,4.179000000000014,34.64257488021595,62.6850000000002,3.0,3.375,13.07468750000002
835,15.0,0.7958333333333448,4.180000000000014,34.64399976774167,62.70000000000021,3.0,3.375,13.092104166666687
836,15.0,0.7966666666666782,4.181000000000013,34.64541897490429,62.7150000000002,3.0,3.375,13.10952500000002
837,15.0,0.7975000000000115,4.182000000000014,34.64683252434877,62.7300000000002,3.0,3.375,13.126950000000019
838,15.0,0.7983333333333449,4.183000000000014,34.6482404386298,62.74500000000021,3.0,3.375,13.144379166666685
839,15.0,0.7991666666666782,4.1840000000000135,34.64964274021216,62.760000000000204,3.0,3.375,13.161812500000018
840,15.0,0.8000000000000116,4.185000000000014,34.65103945147106,62.775000000000205,3.0,3.375,13.179250000000017
841,15.0,0.8008333333333449,4.186000000000013,34.65243059469251,62.7900000000002,3.0,3.375,13.196691666666684
842,15.0,0.8016666666666783,4.187000000000014,34.6538161920737,62.805000000000206,3.0,3.375,13.214137500000017
843,15.0,0.8025000000000116,4.188000000000014,34.6551962657233,62.820000000000206,3.0,3.375,13.231587500000018
844,15.0,0.803333333333345,4.189000000000013,34.65657083766185,62.8350000000002,3.0,3.375,13.249041666666685
845,15.0,0.8041666666666784,4.190000000000014,34.65793992982213,62.85000000000021,3.0,3.375,13.266500000000018
846,15.0,0.8050000000000117,4.191000000000014,34.65930356404945,62.86500000000021,3.0,3.375,13.283962500000019
847,15.0,0.8058333333333451,4.1920000000000135,34.66066176210205,62.8800000000002,3.0,3.375,13.301429166666686
848,15.0,0.8066666666666784,4.193000000000014,34.66201454565143,62.89500000000021,3.0,3.375,13.31890000000002
849,15.0,0.8075000000000118,4.194000000000014,34.66336193628269,62.91000000000021,3.0,3.375,13.33637500000002
850,15.0,0.8083333333333451,4.195000000000014,34.664703955494886,62.9250000000002,3.0,3.375,13.353854166666686
851,15.0,0.8091666666666785,4.196000000000014,34.66604062470137,62.94000000000021,3.0,3.375,13.371337500000019
852,15.0,0.8100000000000118,4.197000000000014,34.66737196523011,62.95500000000021,3.0,3.375,13.388825000000018
853,15.0,0.8108333333333452,4.198000000000014,34.66869799832407,62.970000000000205,3.0,3.375,13.406316666666685
854,15.0,0.8116666666666785,4.199000000000014,34.670018745141526,62.98500000000021,3.0,3.375,13.423812500000018
855,15.0,0.8125000000000119,4.200000000000014,34.67133422675639,63.00000000000021,3.0,3.375,13.441312500000018
856,15.0,0.8133333333333452,4.201000000000014,34.67264446415859,63.01500000000021,3.0,3.375,13.458816666666685
857,15.0,0.8141666666666786,4.202000000000014,34.67394947825434,63.030000000000214,3.0,3.375,13.476325000000019
858,15.0,0.8150000000000119,4.2030000000000145,34.67524928986655,63.045000000000215,3.0,3.375,13.49383750000002
859,15.0,0.8158333333333453,4.204000000000014,34.67654391973508,63.06000000000021,3.0,3.375,13.511354166666687
860,15.0,0.8166666666666786,4.205000000000014,34.67783338851714,63.075000000000216,3.0,3.375,13.52887500000002
861,15.0,0.817500000000012,4.206000000000014,34.67911771678758,63.0900000000002,3.0,3.375,13.546400000000022
862,15.0,0.8183333333333453,4.207000000000014,34.680396925039226,63.10500000000021,3.0,3.375,13.563929166666687
863,15.0,0.8191666666666787,4.208000000000014,34.6816710336832,63.12000000000022,3.0,3.375,13.58146250000002
864,15.0,0.820000000000012,4.209000000000014,34.68294006304928,63.135000000000204,3.0,3.375,13.59900000000002
865,15.0,0.8208333333333454,4.210000000000014,34.684204033386166,63.15000000000021,3.0,3.375,13.616541666666686
866,15.0,0.8216666666666788,4.2110000000000145,34.685462964861856,63.16500000000022,3.0,3.375,13.63408750000002
867,15.0,0.8225000000000121,4.212000000000014,34.686716877563946,63.180000000000206,3.0,3.375,13.65163750000002
868,15.0,0.8233333333333455,4.213000000000014,34.68796579149995,63.19500000000021,3.0,3.375,13.669191666666686
869,15.0,0.8241666666666788,4.214000000000015,34.68920972659762,63.21000000000022,3.0,3.375,13.68675000000002
870,15.0,0.8250000000000122,4.215000000000014,34.69044870270526,63.22500000000021,3.0,3.375,13.70431250000002
871,15.0,0.8258333333333455,4.216000000000014,34.69168273959207,63.240000000000215,3.0,3.375,13.721879166666687
872,15.0,0.8266666666666789,4.217000000000015,34.692911856948406,63.25500000000022,3.0,3.375,13.739450000000021
873,15.0,0.8275000000000122,4.218000000000014,34.69413607438616,63.27000000000021,3.0,3.375,13.757025000000022
874,15.0,0.8283333333333456,4.2190000000000145,34.69535541143901,63.28500000000022,3.0,3.375,13.77460416666669
875,15.0,0.8291666666666789,4.220000000000015,34.696569887562795,63.300000000000225,3.0,3.375,13.792187500000022
876,15.0,0.8300000000000123,4.221000000000014,34.69777952213576,63.31500000000021,3.0,3.375,13.809775000000021
877,15.0,0.8308333333333456,4.222000000000015,34.69898433445893,63.33000000000022,3.0,3.375,13.827366666666688
878,15.0,0.831666666666679,4.223000000000015,34.700184343756355,63.345000000000226,3.0,3.375,13.84496250000002
879,15.0,0.8325000000000123,4.224000000000014,34.70137956917547,63.36000000000021,3.0,3.375,13.86256250000002
880,15.0,0.8333333333333457,4.225000000000015,34.70257002978737,63.37500000000022,3.0,3.375,13.880166666666687
881,15.0,0.834166666666679,4.226000000000014,34.70375574458711,63.390000000000214,3.0,3.375,13.89777500000002
882,15.0,0.8350000000000124,4.2270000000000145,34.704936732494055,63.405000000000214,3.0,3.375,13.915387500000021
883,15.0,0.8358333333333458,4.228000000000014,34.70611301235211,63.42000000000021,3.0,3.375,13.933004166666688
884,15.0,0.8366666666666791,4.229000000000014,34.70728460293009,63.435000000000215,3.0,3.375,13.950625000000022
885,15.0,0.8375000000000125,4.230000000000015,34.70845152292195,63.450000000000216,3.0,3.375,13.968250000000022
886,15.0,0.8383333333333458,4.231000000000014,34.70961379094715,63.46500000000021,3.0,3.375,13.98587916666669
887,15.0,0.8391666666666792,4.232000000000014,34.710771425550924,63.48000000000022,3.0,3.375,14.003512500000024
888,15.0,0.8400000000000125,4.233000000000015,34.71192444520456,63.49500000000022,3.0,3.375,14.021150000000024
889,15.0,0.8408333333333459,4.234000000000014,34.71307286830571,63.51000000000021,3.0,3.375,14.03879166666669
890,15.0,0.8416666666666792,4.2350000000000145,34.71421671317869,63.52500000000022,3.0,3.375,14.056437500000023
891,15.0,0.8425000000000126,4.236000000000015,34.71535599807478,63.54000000000022,3.0,3.375,14.074087500000022
892,15.0,0.8433333333333459,4.237000000000014,34.71649074117246,63.55500000000021,3.0,3.375,14.091741666666689
893,15.0,0.8441666666666793,4.238000000000015,34.717620960577776,63.57000000000022,3.0,3.375,14.109400000000022
894,15.0,0.8450000000000126,4.239000000000015,34.718746674324585,63.58500000000022,3.0,3.375,14.127062500000022
895,15.0,0.845833333333346,4.240000000000014,34.71986790037485,63.600000000000215,3.0,3.375,14.14472916666669
896,15.0,0.8466666666666793,4.241000000000015,34.720984656618924,63.61500000000022,3.0,3.375,14.162400000000023
897,15.0,0.8475000000000127,4.242000000000015,34.722096960875845,63.63000000000022,3.0,3.375,14.180075000000024
898,15.0,0.848333333333346,4.2430000000000145,34.723204830893614,63.645000000000216,3.0,3.375,14.19775416666669
899,15.0,0.8491666666666794,4.244000000000015,34.724308284349476,63.660000000000224,3.0,3.375,14.215437500000025
900,15.0,0.8500000000000127,4.245000000000015,34.72540733885021,63.675000000000225,3.0,3.375,14.233125000000024
901,14.943420354610854,0.8508301900197134,4.245147533342819,34.726051749324654,63.43702405808114,2.988684070922171,3.3495871784189695,14.250746395571714
902,14.887054126306532,0.851657248582286,4.245294510193341,34.72624671858043,63.19992915536025,2.9774108252613063,3.3243657083937053,14.268301931448203
903,14.830900510082838,0.8524811874995128,4.2454409326506575,34.72599740315553,62.9637120935752,2.9661801020165677,3.2993341490996304,14.285791851474196
904,14.774958703972024,0.8533020185386224,4.245586802805928,34.725308913695066,62.7283696855862,2.9549917407944046,3.27449107056118,14.30321639860908
905,14.71922790903136,0.8541197534224575,4.245732122742419,34.724186315324914,62.49389875534118,2.943845581806272,3.249835053570116,14.32057581493001
906,14.66370732933169,0.8549344038296426,4.245876894535546,34.72263462802258,62.26029613784096,2.932741465866338,3.2253646896044383,14.337870341634966
907,14.608396171946104,0.8557459813947507,4.246021120252893,34.72065882698507,62.02755867910467,2.921679234389221,3.201078580747944,14.355100219045829
908,14.55329364693858,0.8565544977084695,4.246164801954242,34.718263842993906,61.79568323613488,2.9106587293877157,3.1769753396103417,14.372265686611422
909,14.49839896735272,0.8573599643177668,4.246307941691611,34.715454562777296,61.564666676883306,2.8996797934705443,3.1530535892480165,14.389366982910557
910,14.443711349200507,0.8581623927260558,4.246450541509274,34.71223582936944,61.33450588021614,2.8887422698401015,3.1293119630853528,14.406404345655062
911,14.389230011451112,0.8589617943933586,4.246592603443797,34.70861244246704,61.10519773587979,2.877846002290222,3.1057491048366805,14.423378011692806
912,14.33495417601973,0.8597581807364708,4.246734129524061,34.70458915878302,60.87673914446645,2.866990835203946,3.0823636684287825,14.440288217010714
913,14.280883067756474,0.860551563129124,4.2468751217712954,34.70017069239744,60.649127017379904,2.8561766135512947,3.059154317924003,14.457135196737765
914,14.227015914435304,0.8613419529021481,4.247015582199108,34.695361715105705,60.422358276801425,2.8454031828870607,3.036119727443931,14.473919185147988
915,14.173351946743008,0.8621293613436338,4.247155512813506,34.69016685676401,60.1964298556556,2.8346703893486014,3.0132585810936567,14.490640415663448
916,14.119890398268188,0.8629137996990932,4.247294915612934,34.68459070563209,59.971338697576364,2.823978079653638,2.9905695728865926,14.507299120857219
917,14.066630505490348,0.8636952791716205,4.2474337925883,34.67863780871328,59.74708175687314,2.8133261010980695,2.9680514066698747,14.52389553245635
918,14.013571507768962,0.8644738109220521,4.247572145722997,34.67231267209191,59.523655998496864,2.8027143015537925,2.945702796050311,14.540429881344823
919,13.96071264733263,0.8652494060691261,4.247709976992941,34.66561976126803,59.30105839800635,2.792142529466526,2.9235224643208984,14.55690239756649
920,13.90805316926824,0.8660220756896411,4.247847288366593,34.65856350148955,59.079285941534486,2.781610633853648,2.9015091443878847,14.573313310328029
921,13.8555923215102,0.8667918308186139,4.24798408180499,34.65114827808174,58.858335625754776,2.77111846430204,2.879661578698386,14.589662848001849
922,13.803329354829692,0.8675586824494378,4.248120359261771,34.643378436774164,58.63820445784766,2.7606658709659384,2.8579785191685465,14.605951238129029
923,13.75126352282397,0.8683226415340392,4.248256122683206,34.635258284025014,58.418889455467166,2.750252704564794,2.8364587271122366,14.622178707422213
924,13.699394081905698,0.8690837189830339,4.248391374008226,34.626792087342956,58.200387646707505,2.7398788163811396,2.815100973170293,14.638345481768521
925,13.64772029129234,0.8698419256658835,4.2485261151684455,34.61798407560639,57.98269607006981,2.729544058258468,2.79390403724029,14.65445178623243
926,13.596241412995568,0.8705972724110499,4.248660348088193,34.60883843938022,57.765811774428855,2.7192482825991133,2.7728667084068355,14.67049784505866
927,13.544956711810734,0.8713497700061504,4.248794074684541,34.59935933123018,57.54973181900006,2.708991342362147,2.7519877848723997,14.68648388167505
928,13.493865455306365,0.8720994291981119,4.24892729686733,34.58955086603461,57.334453273306316,2.698773091061273,2.7312660738886563,14.702410118695413
929,13.442966913813692,0.8728462606933237,4.249060016539194,34.57941712129383,57.119973217145045,2.6885933827627384,2.710700391688344,14.718276777922398
930,13.39226036041625,0.8735902751577913,4.249192235595593,34.568962137437104,56.90628874055536,2.67845207208325,2.690289563417646,14.73408408035033
931,13.341745070939488,0.8743314832172879,4.2493239559248375,34.55818991812714,56.69339694378529,2.6683490141878976,2.670032423069072,14.749832246168049
932,13.291420323940413,0.8750698954575068,4.249455179408114,34.54710443056223,56.481294937258866,2.6582840647880825,2.649927813414844,14.765521494761732
933,13.241285400697302,0.8758055224242122,4.2495859079195135,34.535709605775985,56.269979841543645,2.6482570801394605,2.6299745859407926,14.781152044717716
934,13.191339585199442,0.8765383746233899,4.24971614332606,34.52400933893476,56.05944878731815,2.6382679170398884,2.6101716007807467,14.796724113825304
935,13.141582164136882,0.8772684625213976,4.24984588748773,34.51200748963269,55.84969891533923,2.6283164328273765,2.590517726651409,14.812237919079564
936,13.09201242689027,0.8779957965451137,4.24997514225749,34.49970788218443,55.64072737640981,2.618402485378054,2.5710118407877385,14.827693676684122
937,13.042629665520684,0.8787203870820871,4.250103909481315,34.487114305915604,55.43253133134644,2.608525933104137,2.5516528288788027,14.84309160205394
938,12.993433174759549,0.8794422444806849,4.250232190998216,34.47423051545092,55.225107950947184,2.5986866349519095,2.5324395850041297,14.858431909818092
939,12.944422251998516,0.8801613790502404,4.250359988640266,34.46106023100007,55.01845441595922,2.588884450399703,2.513371011570515,14.873714813822525
940,12.895596197279486,0.8808778010612004,4.2504873042326325,34.44760713864136,54.81256791704707,2.5791192394558973,2.494446019249337,14.888940527132815
941,12.846954313284575,0.8815915207452718,4.250614139593594,34.433874890603086,54.607445654760326,2.569390862656915,2.4756635269143175,14.904109262036915
942,12.798495905326162,0.8823025482955678,4.250740496534573,34.41986710554274,54.40308483950183,2.5596991810652323,2.457022461579758,14.919221230047887
943,12.750220281336976,0.8830108938667531,4.2508663768601584,34.405587368823966,54.19948269149582,2.550044056267395,2.438521758339251,14.934276641906635
944,12.702126751860206,0.8837165675751898,4.250991782368131,34.39103923279136,53.996636440756134,2.540425350372041,2.4201603603048407,14.949275707584622
945,12.654214630039656,0.8844195794990809,4.251116714849492,34.376226217043104,53.79454332705456,2.530842926007931,2.401937218546645,14.964218636286581
946,12.60648323160994,0.8851199396786148,4.251241176088487,34.36115180870147,53.59320059988924,2.5212966463219884,2.383851292032939,14.979105636453218
947,12.558931874886692,0.8858176581161085,4.251365167862631,34.34581946268115,53.39260551845301,2.5117863749773384,2.365901547570674,14.9939369157639
948,12.511559880756858,0.8865127447761505,4.2514886919427335,34.33023260195548,53.19275535160216,2.5023119761513715,2.3480869597464684,15.008712681139345
949,12.46436657266897,0.8872052095857432,4.251611750092927,34.31439461782061,52.9936473778249,2.492873314533794,2.330406510868014,15.023433138744297
950,12.417351276623508,0.8878950624344445,4.251734344070686,34.29830887015754,52.795278885210145,2.4834702553247014,2.312859190905952,15.038098493990189
951,12.370513321163257,0.8885823131745091,4.25185647562686,34.2819786876921,52.59764717141633,2.4741026642326513,2.295443997436164,15.052708951537804
952,12.323852037363713,0.8892669716210293,4.2519781465056905,34.26540736825291,52.40074954364014,2.4647704074727423,2.2781599355825057,15.067264715299926
953,12.277366758823558,0.889949047552075,4.252099358444844,34.24859817902724,52.204583318585705,2.4554733517647116,2.2610060179599847,15.081765988443978
954,12.231056821655107,0.8906285507088336,4.252220113175427,34.23155435681493,52.009145822433354,2.4462113643310213,2.243981264618339,15.096212973394653
955,12.18492156447486,0.891305490795749,4.252340412422022,34.21427910828025,51.81443439080902,2.436984312894972,2.227084702986067,15.110605871836544
956,12.138960328394026,0.8919798774806598,4.252460257902702,34.19677561020179,51.62044636875313,2.4277920656788052,2.2103153678148595,15.124944884716752
957,12.093172457009128,0.892651720394938,4.252579651329062,34.17904700972038,51.42717911069009,2.418634491401826,2.193672301124463,15.139230212247499
958,12.04755729639264,0.8933210291336265,4.252698594406241,34.161096424585025,51.234629980397635,2.409511459278528,2.177154552147953,15.15346205390872
959,12.002114195083616,0.8939878132555756,4.252817088832945,34.142926943396965,51.04279635097607,2.400422839016723,2.1607611772774145,15.167640608450657
960,11.956842504078429,0.89465208228358,4.252935136301472,34.124541625851705,50.85167560481803,2.3913685008156857,2.1444912400100478,15.18176607389644
961,11.911741576821452,0.8953138457045144,4.253052738497739,34.10594350297924,50.66126513357785,2.3823483153642906,2.128343810894652,15.195838647544656
962,11.866810769195872,0.8959731129694698,4.2531698971013014,34.08713557738229,50.471562338141425,2.3733621538391745,2.112317967478547,15.209858525971917
963,11.822049439514458,0.8966298934938872,4.253286613785381,34.06812082347272,50.28256462859581,2.364409887902892,2.0964127942548614,15.223825905035415
964,11.777456948510416,0.8972841966576933,4.253402890216888,34.04890218770604,50.094269424199176,2.3554913897020833,2.080627382610244,15.23774097987547
965,11.733032659328238,0.8979360318054338,4.253518728056444,34.029482588814105,49.906674153350565,2.3466065318656475,2.064960830772946,15.251603944918067
966,11.688775937514636,0.8985854082464069,4.253634128958408,34.0098649180359,49.71977625356007,2.3377551875029274,2.049412243761317,15.265414993877389
967,11.64468615100945,0.8992323352547963,4.253749094570897,33.99005203934658,49.53357317141871,2.3289372302018903,2.0339807333326694,15.279174319758338
968,11.60076267013665,0.8998768220698039,4.253863626535814,33.97004678968463,49.34806236256878,2.32015253402733,2.01866541793254,15.292882114859053
969,11.55700486759532,0.9005188778957814,4.253977726488868,33.94985197917728,49.16324129167392,2.311400973519064,2.0034654226443287,15.306538570773407
970,11.513412118450706,0.9011585119023621,4.254091396059595,33.929470391364106,48.97910743238942,2.302682423690141,1.9883798791393135,15.320143878393516
971,11.469983800125306,0.9017957332245913,4.254204636871389,33.908904783418855,48.79565826733279,2.293996760025061,1.9734079256270542,15.333698227912219
972,11.426719292389947,0.9024305509630574,4.254317450541518,33.88815788636954,48.61289128805398,2.2853438584779893,1.9585487068061491,15.347201808825567
973,11.383617977354968,0.9030629741840215,4.25442983868115,33.867232405316784,48.43080399500614,2.2767235954709935,1.943801373815388,15.36065480993529
974,11.340679239461352,0.9036930119195471,4.2545418028953765,33.84613101965039,48.249393897516065,2.26813584789227,1.9291650841852457,15.374057419351267
975,11.297902465471967,0.9043206731676289,4.254653344783234,33.82485638326429,48.068658513755054,2.2595804930943935,1.9146390017897634,15.387409824493977
976,11.255287044462795,0.9049459668923212,4.254764465937727,33.80341112476968,47.88859537070957,2.2510574088925592,1.9002222967987807,15.400712212096952
977,11.212832367814212,0.9055689020238664,4.254875167945853,33.78179784770656,47.70920200415219,2.2425664735628423,1.8859141456305308,15.413964768209217
978,11.170537829202289,0.9061894874588221,4.254985452388621,33.76001913075352,47.530475958612506,2.234107565840458,1.8717137309045906,15.427167678197721
979,11.128402824590134,0.9068077320601883,4.255095320841077,33.738077527935936,47.35241478734811,2.2256805649180267,1.857620241395185,15.440321126749762
980,11.086426752219277,0.9074236446575338,4.25520477487233,33.71597556883245,47.175016052315804,2.217285350443855,1.843632871984849,15.453425297875405
981,11.044609012601056,0.9080372340471228,4.255313816045563,33.693715758779845,46.99827732414261,2.2089218025202113,1.829750823618427,15.466480374909889
982,11.002949008508075,0.9086485089920399,4.255422445918069,33.6713005790763,46.82219618209722,2.2005898017016152,1.8159733032574323,15.479486540516026
983,10.96144614496566,0.9092574782223157,4.255530666041263,33.64873248718301,46.64677021406115,2.1922892289931317,1.8022995238347377,15.492443976686598
984,10.920099829243366,0.9098641504350514,4.255638477960712,33.626013916924215,46.47199701650027,2.184019965848673,1.788728704209615,15.505352864746737
985,10.878909470846525,0.9104685342945429,4.25574588321615,33.60314727868565,46.29787419443628,2.175781894169305,1.775260069123113,15.518213385356303
986,10.837874481507782,0.9110706384324044,4.255852883341502,33.5801349596114,46.124399361418185,2.1675748963015566,1.7618928491537635,15.531025718512252
987,10.796994275178731,0.9116704714476921,4.255959479864911,33.556979323799226,45.951570139494095,2.159398855035746,1.7486262806736343,15.543790043551
988,10.756268268021516,0.9122680419070266,4.256065674308754,33.5336827124943,45.779384159182854,2.151253653604303,1.735459605804699,15.556506539150774
989,10.715695878400505,0.9128633583447155,4.256171468189666,33.510247444281404,45.60783905944583,2.143139175680101,1.7223920723755433,15.569175383333954
990,10.67527652687398,0.9134564292628752,4.2562768630185595,33.486675815275646,45.436932487658844,2.135055305374796,1.7094229338783986,15.581796753469416
991,10.635009636185874,0.9140472631315522,4.2563818603006505,33.462970099311605,45.266662099584174,2.127001927237175,1.696551449426496,15.594370826274856
992,10.594894631257503,0.9146358683888443,4.256486461535476,33.439132548131,45.09702555934246,2.1189789262515006,1.683776883711736,15.606897777819118
993,10.554930939179378,0.9152222534410209,4.256590668216916,33.41516539156886,44.928020539384946,2.1109861878358758,1.671098506962691,15.619377783524502
994,10.515117989202995,0.9158064266626433,4.256694481833217,33.39107083773825,44.75964472046559,2.103023597840599,1.6585155949029067,15.631811018169076
995,10.475455212732722,0.916388396396684,4.256797903867012,33.36685107321342,44.59189579161342,2.0950910425465445,1.6460274287095373,15.644197655888968
996,10.435942043317636,0.9169681709546461,4.25690093579534,33.342508263211634,44.42477145010478,2.0871884086635273,1.63363329497227,15.656537870180664
997,10.396577916643462,0.9175457586166819,4.25700357908967,33.31804455177347,44.25826940143584,2.0793155833286923,1.6213324856525777,15.668831833903285
998,10.35736227052451,0.918121167631711,4.2571058352159215,33.29346206194169,44.09238735929512,2.071472454104902,1.6091242980432694,15.681079719280866
999,10.318294544895627,0.9186944062175386,4.257207705634481,33.2687628959387,43.92712304553589,2.0636589089791255,1.5970080347283429,15.693281697904627
1000,10.279374181804233,0.9192654825609722,4.25730919180023,33.24394913534262,43.76247419014913,2.0558748363608466,1.5849830035431516,15.705437940735225
1001,10.240600625402312,0.919834404817939,4.257410295162562,33.219022841261875,43.59843853123598,2.0481201250804624,1.5730485175348534,15.717548618105013
1002,10.201973321938503,0.9204011811136023,4.2575110171654,33.19398605450849,43.43501381498067,2.0403946643877005,1.5612038949231741,15.729613899720286
1003,10.163491719750184,0.9209658195424772,4.257611359247226,33.16884079576996,43.2721977956235,2.032698343950037,1.5494484590614581,15.741633954663515
1004,10.125155269255584,0.921528328168547,4.257711322841089,33.1435890657797,43.10998823543362,2.0250310538511167,1.537781538398012,15.753608951395579
1005,10.08696342294595,0.9220887150253774,4.257810909374642,33.11823284548625,42.94838290468225,2.01739268458919,1.5262024664377418,15.76553905775799
1006,10.048915635377712,0.9226469881162317,4.257910120270144,33.09277409622101,42.787379581615646,2.0097831270755426,1.5147105817040798,15.777424440975107
1007,10.011011363164704,0.9232031554141853,4.258008956944493,33.067214759864726,42.626976052428404,2.0022022726329407,1.5033052277011922,15.789265267656337
1008,9.9732500649704,0.9237572248622392,4.258107420809242,33.041556759012614,42.467170111236726,1.99465001299408,1.4919857528764815,15.801061703798347
1009,9.93563120150018,0.9243092043734337,4.258205513270623,33.015801997138155,42.30795956005169,1.9871262403000363,1.4807515105833589,15.81281391478725
1010,9.898154235493632,0.9248591018309611,4.258303235729557,32.989952358755595,42.149342208752756,1.9796308470987263,1.4696018590443078,15.824522065400792
1011,9.86081863171688,0.9254069250882787,4.258400589581687,32.96400970958115,41.99131587506125,1.972163726343376,1.4585361613142214,15.836186319810531
1012,9.823623856954931,0.9259526819692206,4.258497576217389,32.93797589669292,41.83387838451389,1.9647247713909863,1.4475537852440112,15.847806841584008
1013,9.786569380004076,0.9264963802681098,4.258594197021793,32.911852748689526,41.67702757043653,1.9573138760008153,1.4366541034445004,15.859383793686908
1014,9.74965467166428,0.9270380277498689,4.258690453374807,32.88564207584749,41.52076127391775,1.949930934332856,1.4258364932505765,15.870917338485219
1015,9.712879204731657,0.9275776321501318,4.258786346651132,32.85934567027733,41.365077343782886,1.9425758409463314,1.4151003366856298,15.88240763774738
1016,9.6762424539909,0.9281152011753535,4.258881878220287,32.83296530607842,41.209973636567646,1.93524849079818,1.4044450204262375,15.893854852646427
1017,9.63974389620782,0.9286507425029206,4.258977049446622,32.80650273949266,41.055448016492264,1.927948779241564,1.3938699357671387,15.90525914376212
1018,9.603383010121846,0.9291842637812606,4.25907186168934,32.779959709056804,40.90149835543543,1.920676602024369,1.3833744785864537,15.916620671083074
1019,9.567159276438591,0.9297157726299516,4.259166316302521,32.75333793575371,40.74812253290845,1.9134318552877183,1.3729580493111748,15.927939594008881
1020,9.531072177822432,0.9302452766398307,4.259260414635134,32.72663912316226,40.59531843602936,1.9062144355644866,1.3626200528829127,15.939216071352224
1021,9.495121198889128,0.9307727833731023,4.259354158031059,32.69986495760613,40.443083959497265,1.8990242397778256,1.3523598987239058,15.950450261340974
1022,9.459305826198454,0.9312983003634466,4.2594475478291125,32.673017108301416,40.29141700556664,1.8918611652396908,1.3421770007032803,15.961642321620298
1023,9.423625548246868,0.931821835116127,4.259540585363055,32.64609722750297,40.140315484021706,1.8847251096493736,1.3320707771035663,15.972792409254748
1024,9.388079855460209,0.932343395108097,4.2596332719616194,32.61910695064966,39.989777312150935,1.8776159710920417,1.3220406505874664,15.983900680730345
1025,9.352668240186414,0.9328629877881074,4.259725608948525,32.592047896508426,39.8398004147216,1.870533648037283,1.3120860481648746,15.994967291956657
1026,9.317390196688276,0.9333806205768123,4.259817597642499,32.56492166731717,39.69038272395442,1.863478039337655,1.3022064011601417,16.005992398268866
1027,9.282245221136217,0.9338963008668754,4.2599092393572935,32.537729848926546,39.54152217949825,1.8564490442272432,1.2924011451795918,16.016976154429837
1028,9.247232811601084,0.9344100360230754,4.260000535401707,32.510474010940555,39.393216728404845,1.8494465623202168,1.2826697200792752,16.02791871463217
1029,9.212352468047,0.9349218333824113,4.260091487079598,32.48315570685607,39.24546432510375,1.8424704936093999,1.2730115699329747,16.038820232500257
1030,9.177603692324205,0.9354317002542071,4.2601820956899115,32.45577647420117,39.0982629313772,1.8355207384648409,1.2634261430004432,16.049680861092305
1031,9.14298598816195,0.9359396439202161,4.260272362526688,32.42833783467248,38.951610516335116,1.82859719763239,1.2539128916958862,16.0605007529024
1032,9.108498861161408,0.936445671634725,4.260362288879091,32.40084129427127,38.80550505639021,1.8216997722322816,1.24447127255668,16.07128005986251
1033,9.074141818788611,0.9369497906246578,4.260451876031419,32.373288343438546,38.65994453523309,1.8148283637577223,1.2351007462123242,16.082018933344518
1034,9.03991437036742,0.9374520080896782,4.260541125263125,32.345680457189076,38.5149269438075,1.807982874073484,1.2258007773536308,16.092717524162243
1035,9.00581602707251,0.9379523312022934,4.2606300378488395,32.31801909524426,38.37045028028564,1.8011632054145021,1.2165708347021416,16.103375982573432
1036,8.971846301922401,0.9384507671079557,4.260718615058384,32.290305702164,38.226512550043495,1.7943692603844803,1.20741039097978,16.113994458281777
1037,8.938004709772489,0.9389473229251653,4.260806858156786,32.26254170747746,38.083111765636275,1.7876009419544978,1.1983189228787279,16.124573100438898
1038,8.904290767308126,0.9394420057455712,4.260894768404308,32.23472852581285,37.94024594677397,1.7808581534616252,1.1892959110315309,16.135112057646335
1039,8.870703993037717,0.9399348226340734,4.260982347056454,32.20686755702606,37.79791312029691,1.7741407986075433,1.1803408399814292,16.14561147795753
1040,8.837243907285842,0.9404257806289226,4.2610695953639945,32.17896018632836,37.65611132015141,1.7674487814571684,1.171453198152911,16.156071508879794
1041,8.8039100321864,0.9409148867418218,4.261156514572982,32.151007784413025,37.51483858736551,1.76078200643728,1.1626324778224848,16.166492297376283
1042,8.770701891675795,0.941402147958026,4.261243105924768,32.123011707580936,37.374092970024805,1.754140378335159,1.1538781750896805,16.176873989867957
1043,8.737619011486135,0.941887571236442,4.261329370656022,32.094973297865174,37.23387252324831,1.747523802297227,1.145189789848259,16.187216732235527
1044,8.704660919138444,0.9423711635097274,4.26141530999875,32.06689388315465,37.094175309164356,1.7409321838276888,1.136566825757642,16.197520669821404
1045,8.67182714393594,0.9428529316843904,4.261500925180307,32.038774777316675,36.954999396886706,1.734365428787188,1.1280087902145621,16.20778594743165
1046,8.63911721695728,0.9433328826408881,4.261586217423425,32.0106172803186,36.816342862490565,1.7278234433914559,1.1195151943249153,16.218012709337895
1047,8.6065306710499,0.9438110232337242,4.2616711879462175,31.98242267834844,36.67820378898878,1.7213061342099798,1.1110855528758394,16.228201099279282
1048,8.574067040823312,0.9442873602915478,4.261755837962207,31.95419224393454,36.5405802663081,1.7148134081646624,1.1027193843079894,16.238351260464366
1049,8.541725862642476,0.9447619006172502,4.2618401686803375,31.925927236064283,36.403470391265415,1.7083451725284953,1.0944162106880302,16.24846333557305
1050,8.50950667462117,0.9452346509880625,4.261924181304993,31.897628900301825,36.2668722675442,1.701901334924234,1.0861755576813334,16.25853746675848
1051,8.477409016615395,0.9457056181556522,4.262007877036013,31.86929846890489,36.13078400567094,1.695481803323079,1.07799695452488,16.268573795648944
1052,8.445432430216805,0.9461748088462199,4.262091257068716,31.840937160940623,35.99520372299165,1.689086486043361,1.0698799340003657,16.278572463349775
1053,8.41357645874616,0.9466422297605946,4.262174322593906,31.812546182400506,35.86012954364845,1.682715291749232,1.0618240324075134,16.28853361044523
1054,8.381840647246804,0.9471078875743306,4.2622570747978985,31.78412672631435,35.72555959855629,1.6763681294493609,1.0538287895375809,16.298457377000386
1055,8.35022454247817,0.9475717889378016,4.262339514862534,31.755679972863366,35.59149202537962,1.670044908495634,1.0458937486470714,16.308343902562992
1056,8.318727692909292,0.9480339404762965,4.262421643965196,31.727207089492307,35.457924968509225,1.6637455385818583,1.038018456431639,16.318193326165357
1057,8.28734964871238,0.9484943487901139,4.262503463278822,31.698709231020732,35.32485657903905,1.6574699297424762,1.0302024630001982,16.3280057863262
1058,8.256089961756379,0.9489530204546559,4.262584973971932,31.67018753975336,35.19228501474324,1.6512179923512758,1.0224453218492167,16.33778142105252
1059,8.224948185600576,0.9494099620205226,4.262666177208636,31.64164314558952,35.06020844005311,1.6449896371201151,1.014746589837213,16.347520367841422
1060,8.193923875488217,0.9498651800136053,4.262747074148649,31.61307716613172,34.928625026034155,1.6387847750976434,1.0071058271594375,16.35722276368199
1061,8.163016588340165,0.9503186809351798,4.262827665947318,31.584490706793364,34.79753295036335,1.632603317668033,0.9995225973227506,16.36688874505709
1062,8.132225882748566,0.9507704712619992,4.262907953755628,31.555884860905557,34.66693039730624,1.6264451765497132,0.9919964671206853,16.37651844794523
1063,8.101551318970541,0.9512205574463864,4.262987938720221,31.52726070982308,34.53681555769432,1.6203102637941083,0.9845270066086996,16.38611200782237
1064,8.070992458921921,0.9516689459163266,4.263067621983421,31.498619323029484,34.407186628902394,1.6141984917843843,0.9771137890796179,16.39566955966373
1065,8.04054886617097,0.9521156430755583,4.263147004683234,31.469961758241347,34.27804181482595,1.6081097732341942,0.9697563910392493,16.405191237945626
1066,8.010220105932168,0.9525606553036656,4.263226087953381,31.441289061511686,34.14937932585872,1.6020440211864337,0.9624543921821993,16.414677176647253
1067,7.980005745059992,0.953003988956169,4.263304872923303,31.412602267332517,34.02119737887022,1.5960011490119983,0.955207375367857,16.424127509252493
1068,7.949905352042734,0.9534456503646158,4.26338336071818,31.383902398736605,33.893494197183394,1.5899810704085469,0.9480149265965655,16.43354236875171
1069,7.919918496996344,0.9538856458366711,4.26346155245895,31.355190467398373,33.76626801055239,1.5839836993992686,0.9408766349859723,16.44292188764353
1070,7.890044751658279,0.9543239816562077,4.263539449262324,31.326467473734002,33.63951705514023,1.578008950331656,0.9337920927475554,16.452266197936623
1071,7.860283689381392,0.9547606640833955,4.263617052240796,31.297734407000714,33.5132395734967,1.5720567378762784,0.9267608951633272,16.461575431151484
1072,7.830634885127839,0.9551956993547915,4.263694362502668,31.26899224539525,33.387433814536294,1.566126977025568,0.9197826405627163,16.47084971832219
1073,7.801097915463012,0.9556290936834284,4.2637713811520594,31.240241956151554,33.262098033516175,1.5602195830926022,0.9128569302996201,16.480089189998164
1074,7.771672358549486,0.9560608532589033,4.263848109288926,31.211484495637656,33.13723049201423,1.5543344717098972,0.9059833687296319,16.489293976245946
1075,7.742357794140995,0.9564909842474667,4.263924548009075,31.182720809451776,33.01282945790718,1.548471558828199,0.8991615631874371,16.49846420665092
1076,7.713153803576437,0.9569194927921099,4.264000698404178,31.15395183251765,32.88889320534877,1.5426307607152874,0.8923911239643848,16.50760001031907
1077,7.684059969773883,0.9573463850126529,4.264076561561791,31.125178489179056,32.76542001474802,1.5368119939547766,0.8856716642862211,16.516701515878722
1078,7.655075877224634,0.957771667005832,4.264152138565368,31.096401693293615,32.64240817274759,1.5310151754449268,0.8790028002909975,16.525768851482262
1079,7.626201111987276,0.9581953448453869,4.264227430494273,31.06762234832579,32.51985597220207,1.5252402223974553,0.8723841510071395,16.534802144807873
1080,7.597435261681773,0.958617424582147,4.264302438423803,31.038841347439156,32.397761712156566,1.5194870523363546,0.8658153383316839,16.54380152306125
1081,7.568777915483577,0.9590379122441184,4.264377163425196,31.010059573587895,32.27612369782512,1.5137555830967153,0.8592959870086788,16.552767112977314
1082,7.54022866411776,0.9594568138365693,4.2644516065656495,30.98127789960757,32.15494024056934,1.508045732823552,0.8528257246077464,16.561699040821917
1083,7.51178709985317,0.9598741353421167,4.264525768908338,30.952497188305145,32.03420965787707,1.502357419970634,0.8464041815028075,16.57059743239355
1084,7.483452816496606,0.960289882720811,4.264599651512422,30.923718292548276,31.91393027334108,1.4966905632993213,0.8400309908509648,16.579462413025034
1085,7.455225409387021,0.9607040619102213,4.26467325543307,30.89494205535388,31.794100416637892,1.4910450818774041,0.833705788571548,16.588294107585213
1086,7.427104475389736,0.9611166788255208,4.264746581721471,30.86616930997597,31.674718423506615,1.4854208950779473,0.8274282133253138,16.597092640480632
1087,7.39908961289069,0.9615277393595703,4.264819631424845,30.83740087999279,31.555782635727873,1.479817922578138,0.8211979064938035,16.605858135657222
1088,7.371180421790699,0.9619372493830031,4.2648924055864645,30.80863757939322,31.437291401102787,1.47423608435814,0.8150145121588576,16.614590716601974
1089,7.343376503499743,0.9623452147443086,4.264964905245666,30.779880212662512,31.319243073432034,1.4686753006999487,0.8088776770822818,16.623290506344595
1090,7.315677460931278,0.9627516412699159,4.265037131437868,30.75112957486727,31.201636012495005,1.4631354921862556,0.8027870506856686,16.631957627459176
1091,7.288082898496553,0.9631565347642768,4.26510908519458,30.722386451739794,31.084468584028897,1.4576165796993106,0.7967422850303687,16.64059220206585
1092,7.260592422098978,0.9635599010099489,4.2651807675434235,30.693651619761695,30.96773915970808,1.4521184844197956,0.7907430347976165,16.649194351832435
1093,7.23320563912848,0.9639617457676782,4.26525217950814,30.664925846246856,30.85144611712332,1.4466411278256959,0.7847889572688006,16.65776419797608
1094,7.205922158455903,0.9643620747764814,4.265323322108617,30.636209889423686,30.735587839761223,1.4411844316911806,0.7788797123058867,16.666301861264902
1095,7.178741590427421,0.9647608937537273,4.265394196360885,30.607504498516736,30.62016271698363,1.4357483180854842,0.7730149623319862,16.67480746201962
1096,7.151663546858975,0.9651582083952195,4.2654648032771485,30.57881041382761,30.505169144007173,1.430332709371795,0.7671943723120724,16.683281120115176
1097,7.124687641030724,0.9655540243752767,4.265535143865793,30.550128366815255,30.390605521882826,1.424937528206145,0.7614176097338392,16.691722954982364
1098,7.097813487681528,0.9659483473468146,4.2656052191314,30.521459080175553,30.276470257475573,1.4195626975363056,0.7556843445887074,16.70013308560944
1099,7.07104070300344,0.9663411829414259,4.265675030074763,30.492803267920298,30.162761763444074,1.4142081406006881,0.7499942493529708,16.70851163054373
1100,7.04436890463623,0.9667325367694612,4.265744577692897,30.464161635455504,30.04947845822045,1.408873780927246,0.7443469989690876,16.716858707893234
1101,7.01779771166192,0.9671224144201092,4.265813862979059,30.435534879659077,29.93661876599014,1.4035595423323841,0.7387422708271092,16.72517443532823
1102,6.991326744599348,0.9675108214614758,4.265882886922761,30.406923688957853,29.82418111667178,1.3982653489198698,0.7331797447462518,16.73345893008286
1103,6.964955625398742,0.9678977634406647,4.265951650509779,30.37832874340401,29.71216394589713,1.3929911250797484,0.7276591029566039,16.74171230895672
1104,6.93868397743633,0.9682832458838556,4.266020154722172,30.349750714750837,29.60056569499119,1.3877367954872661,0.7221800300809748,16.74993468831644
1105,6.91251142550895,0.9686672742963839,4.266088400538295,30.321190266527907,29.489384810952167,1.38250228510179,0.7167422131168767,16.75812618409726
1106,6.886437595828702,0.9690498541628189,4.266156388932813,30.29264805411561,29.378619746431735,1.3772875191657403,0.7113453414186448,16.766286911804603
1107,6.860462116017605,0.9694309909470421,4.266224120876715,30.264124724819077,29.26826895971522,1.372092423203521,0.7059891066796914,16.774416986515636
1108,6.834584615102274,0.9698106900923256,4.266291597337324,30.235620917941517,29.158330914701786,1.366916923020455,0.7006732029148905,16.78251652288083
1109,6.808804723508636,0.9701889570214094,4.266358819278321,30.207137264856936,29.04880408088496,1.3617609447017274,0.6953973264431027,16.79058563512552
1110,6.783122073056632,0.9705657971365792,4.2664257876597445,30.178674389082254,28.93968693333284,1.3566244146113264,0.6901611758698215,16.798624437051448
1111,6.757536296954976,0.9709412158197434,4.266492503438017,30.150232906348844,28.830977952668704,1.3515072593909951,0.6849644520699595,16.8066330420383
1112,6.73204702979591,0.9713152184325098,4.266558967565951,30.121813424673476,28.722675625051465,1.346409405959182,0.679806858170759,16.814611563045258
1113,6.706653907549983,0.9716878103162626,4.266625180992765,30.093416544428674,28.614778442156283,1.3413307815099966,0.6746880995348318,16.822560112612525
1114,6.681356567560856,0.9720589967922382,4.266691144664098,30.065042858412497,28.50728490115522,1.3362713135121713,0.6696078837433288,16.830478802862846
1115,6.65615464854012,0.9724287831616015,4.266756859522023,30.03669295191775,28.40019350469796,1.331230929708024,0.6645659205792337,16.83836774550304
1116,6.63104779056214,0.9727971747055216,4.266822326505059,30.008367402800623,28.29350276089258,1.326209558112428,0.6595619220107855,16.846227051825508
1117,6.606035635058907,0.9731641766852471,4.26688754654818,29.98006678154876,28.187211183286347,1.3212071270117813,0.6545956021750221,16.854056832709755
1118,6.581117824814927,0.9735297943421813,4.266952520582842,29.951791651348778,28.081317290846723,1.3162235649629854,0.6496666773614515,16.86185719862388
1119,6.556294003962114,0.9738940328979571,4.2670172495369805,29.923542568153213,27.975819607942213,1.3112588007924226,0.6447748659958434,16.869628259626086
1120,6.531563817974703,0.9742568975545112,4.267081734335035,29.895320080746934,27.870716664323457,1.3063127635949408,0.6399198886241442,16.877370125366177
1121,6.506926913664198,0.9746183934941591,4.267145975897954,29.867124730812996,27.766006995104274,1.3013853827328394,0.6351014678965122,16.88508290508704
1122,6.482382939174316,0.9749785258796688,4.267209975143218,29.838957052997944,27.661689140742855,1.2964765878348632,0.6303193285514738,16.892766707626134
1123,6.457931543975976,0.9753372998543341,4.267273732984841,29.810817574976607,27.55776164702292,1.291586308795195,0.6255731974001989,16.900421641416973
1124,6.433572378862273,0.9756947205420488,4.267337250333393,29.782706817516317,27.454223065034995,1.2867144757724547,0.6208628033108935,16.908047814490594
1125,6.409305095943511,0.976050793047379,4.267400528096007,29.754625294540627,27.351071951157767,1.281861019188702,0.6161878771933118,16.915645334477027
1126,6.385129348642223,0.9764055224556368,4.267463567176398,29.726573513192502,27.24830686703945,1.2770258697284445,0.6115481519833839,16.92321430860676
1127,6.361044791688222,0.9767589138329529,4.267526368474867,29.69855197389696,27.145926379579205,1.2722089583376444,0.6069433626279579,16.930754843712197
1128,6.337051081113676,0.9771109722263481,4.267588932888323,29.670561170423234,27.04392906090871,1.2674102162227352,0.6023732460696603,16.938267046229118
1129,6.313147874248188,0.9774617026638064,4.267651261310291,29.642601589946384,26.94231348837366,1.2626295748496377,0.5978375412318663,16.94575102219811
1130,6.2893348297139084,0.9778111101543461,4.267713354630923,29.61467371310843,26.84107824451545,1.2578669659427817,0.5933359890037871,16.95320687726603
1131,6.265611607420655,0.9781591996880916,4.26777521373702,29.586778014078952,26.740221917052843,1.253122321484131,0.5888683322256667,16.960634716687434
1132,6.241977868561055,0.978505976236345,4.26783683951203,29.55891496061521,26.63974309886365,1.248395573712211,0.5844343156740902,16.968034645326007
1133,6.218433275605717,0.9788514447516565,4.267898232836074,29.531085014121746,26.539640387966678,1.2436866551211434,0.5800336860474067,16.975406767655997
1134,6.194977492298395,0.9791956101678954,4.267959394585951,29.50328862970952,26.439912387503448,1.238995498459679,0.5756661919512556,16.982751187763636
1135,6.171610183651196,0.9795384774003204,4.2680203256351525,29.475526256254515,26.3405577057202,1.2343220367302392,0.5713315838842071,16.99006800934856
1136,6.148331015939794,0.9798800513456504,4.268081026853877,29.4477983364559,26.241574955949858,1.2296662031879588,0.567029614223509,16.997357335725212
1137,6.125139656698664,0.9802203368821336,4.26814149910904,29.42010530689368,26.14296275659407,1.2250279313397328,0.5627600372109395,17.004619269824268
1138,6.102035774716331,0.9805593388696179,4.268201743264286,29.39244759808588,26.044719731105282,1.2204071549432662,0.5585226089387689,17.01185391419402
1139,6.0790190400306425,0.9808970621496196,4.268261760180003,29.364825634545245,25.946844507968944,1.2158038080061284,0.5543170873358261,17.01906137100179
1140,6.056089123924056,0.9812335115453932,4.268321550713333,29.337239834835483,25.849335720685676,1.211217824784811,0.5501432321536686,17.026241742035314
1141,6.033245698918943,0.9815686918619998,4.268381115718183,29.30969061162703,25.752192007753568,1.2066491397837886,0.5460008049528589,17.033395128704136
1142,6.010488438772915,0.9819026078863761,4.268440456045244,29.28217837175235,25.65541201265053,1.202097687754583,0.5418895690893432,17.040521632040985
1143,5.98781701847416,0.9822352643874024,4.268499572541995,29.254703516260797,25.558994383816636,1.197563403694832,0.5378092897009317,17.047621352703157
1144,5.965231114236802,0.9825666661159711,4.268558466052717,29.227266440472974,25.462937774636586,1.1930462228473604,0.5337597336938826,17.05469439097389
1145,5.942730403496282,0.9828968178050542,4.2686171374185085,29.199867534034688,25.367240843422238,1.1885460806992563,0.5297406697295861,17.06174084676373
1146,5.92031456490474,0.9832257241697712,4.268675587477296,29.172507180970435,25.271902253395133,1.1840629129809481,0.525751868211348,17.068760819611896
1147,5.89798327832644,0.983553389907456,4.268733817063843,29.14518575973643,25.176920672669144,1.179596655665288,0.5217931012712744,17.075754408687636
1148,5.875736224833185,0.9838798196977245,4.268791827009768,29.117903643273223,25.082294774233127,1.175147244966637,0.5178641427572538,17.08272171279159
1149,5.853573086699771,0.9842050182025411,4.268849618143546,29.090661199057838,24.988023235933653,1.170714617339954,0.5139647682200382,17.089662830357124
1150,5.831493547399443,0.9845289900662856,4.268907191290534,29.063458789155508,24.89410474045783,1.1662987094798887,0.51009475490042,17.096577859451696
1151,5.80949729159938,0.9848517399158189,4.268964547272973,29.036296770270965,24.80053797531611,1.1618994583198758,0.5062538817165079,17.103466897778173
1152,5.787584005156186,0.9851732723605497,4.269021686910002,29.009175493799315,24.70732163282521,1.1575168010312373,0.5024419292510959,17.11033004267618
1153,5.765753375111411,0.9854935919925004,4.2690786110176715,28.982095305876463,24.614454410091074,1.1531506750222822,0.4986586797391294,17.117167391123427
1154,5.744005089687073,0.985812703386372,4.269135320408953,28.95505654742914,24.521935008991882,1.1488010179374146,0.4949039170552651,17.123979039737037
1155,5.7223388382812095,0.9861306110996098,4.269191815893749,28.928059554224497,24.429762136161084,1.1444677676562418,0.4911774267015231,17.13076508477486
1156,5.700754311463444,0.9864473196724688,4.269248098278914,28.901104656919298,24.33793450297063,1.1401508622926888,0.4874789957950357,17.1375256221368
1157,5.679251200970562,0.9867628336280783,4.269304168368252,28.874192181108686,24.24645082551402,1.1358502401941124,0.48380841305588346,17.144260747366108
1158,5.657829199702109,0.9870771574725061,4.269360026962539,28.847322447374555,24.155309824589633,1.1315658399404218,0.48016546879502703,17.150970555650716
1159,5.636488001716009,0.9873902956948237,4.269415674859529,28.820495771333505,24.06451022568399,1.1272976003432018,0.4765499549023278,17.157655141824517
1160,5.615227302224191,0.9877022527671695,4.269471112853966,28.7937124636844,23.974050758955094,1.1230454604448383,0.4729616648346595,17.16431460036867
1161,5.594046797588239,0.9880130331448133,4.269526341737599,28.76697283025554,23.883930159215844,1.1188093595176478,0.46940039360410846,17.170949025412895
1162,5.5729461853150495,0.9883226412662196,4.269581362299189,28.740277172051407,23.7941471659175,1.11458923706301,0.4658659377662634,17.177558510736763
1163,5.551925164052522,0.9886310815531114,4.269636175324521,28.71362578529905,23.704700523133173,1.1103850328105043,0.46235809540859424,17.184143149770968
1164,5.530983433585244,0.9889383584105328,4.2696907815964185,28.687018961494065,23.615588979541425,1.1061966867170487,0.45887666613891626,17.190703035598617
1165,5.510120694830211,0.9892444762269123,4.269745181894748,28.66045698744619,23.52681128840983,1.1020241389660421,0.45542145107394244,17.197238260956507
1166,5.489336649832552,0.9895494393741252,4.269799376996438,28.633940145324512,23.438366207578746,1.0978673299665105,0.45199225282792294,17.20374891823639
1167,5.468631001761275,0.9898532522075564,4.269853367675487,28.607468712702318,23.350252499444952,1.093726200352255,0.4485888755013679,17.210235099486233
1168,5.448003454905025,0.9901559190661622,4.26990715470297,28.581042962601536,23.262468930945467,1.089600690981005,0.4452111246698563,17.216696896411495
1169,5.427453714667867,0.9904574442725326,4.2699607388470575,28.554663163536823,23.17501427354141,1.0854907429335734,0.44185880737293043,17.223134400376367
1170,5.406981487565074,0.9907578321329529,4.27001412087302,28.528329579559276,23.08788730320187,1.0813962975130147,0.4385317321030712,17.229547702405032
1171,5.3865864812189335,0.9910570869374651,4.270067301543242,28.502042470299777,23.00108680038784,1.0773172962437867,0.43522970879475853,17.235936893182917
1172,5.366268404354578,0.9913552129599292,4.270120281617234,28.47580209101197,22.914611550036234,1.0732536808709157,0.43195254881361345,17.242302063057927
1173,5.3460269667958205,0.9916522144580846,4.270173061851639,28.449608692614877,22.82846034154394,1.069205393359164,0.4287000649456218,17.24864330204169
1174,5.325861879461013,0.9919480956736102,4.270225643000248,28.423462521735146,22.742631968751912,1.0651723758922027,0.42547207138643994,17.254960699810788
1175,5.305772854358914,0.9922428608321857,4.270278025814006,28.39736382074897,22.65712522992933,1.0611545708717829,0.42226838373077913,17.26125434570799
1176,5.285759604584583,0.9925365141435515,4.27033021104103,28.371312827823623,22.571938927757834,1.0571519209169167,0.4190888189618725,17.267524328743477
1177,5.265821844315272,0.992829059801569,4.270382199426612,28.345309776958647,22.48707186931575,1.0531643688630543,0.4159331954410183,17.273770737596063
1178,5.245959288806353,0.9931205019842805,4.270433991713232,28.31935489802671,22.402522866062423,1.0491918577612707,0.41280133289720483,17.279993660614412
1179,5.226171654387249,0.9934108448539687,4.270485588640571,28.29344841681411,22.318290733822597,1.0452343308774499,0.4096930524168113,17.286193185818252
1180,5.206458658457381,0.9937000925572164,4.27053699094552,28.267590555060924,22.23437429277083,1.041291731691476,0.40660817643338737,17.292369400899577
1181,5.18682001948213,0.9939882492249654,4.270588199362191,28.241781530500838,22.15077236741595,1.037364003896426,0.40354652871750896,17.29852239322386
1182,5.167255456988822,0.9942753189725759,4.270639214621923,28.216021556900625,22.067483786585587,1.0334510913977644,0.40050793436671134,17.304652249831243
1183,5.147764691562717,0.994561305899885,4.270690037453303,28.190310844099294,21.98450738341077,1.0295529383125435,0.39749221979549687,17.310759057437746
1184,5.128347444843025,0.9948462140912652,4.270740668582164,28.164649598046903,21.901841995310534,1.025669488968605,0.3944992127254198,17.316842902436445
1185,5.109003439518922,0.9951300476156829,4.270791108731603,28.139038020843053,21.81948646397659,1.0218006879037844,0.39152874217524264,17.32290387089866
1186,5.089732399325595,0.9954128105267566,4.270841358621992,28.11347631077504,21.7374396353581,1.017946479865119,0.38858063845117025,17.328942048575147
1187,5.070534049040296,0.9956945068628144,4.270891418970981,28.087964662355706,21.655700359646385,1.0141068098080592,0.38565473313715465,17.33495752089727
1188,5.05140811447841,0.995975140646952,4.270941290493519,28.062503266360938,21.574267491259853,1.0102816228956821,0.3827508590852749,17.340950372978174
1189,5.032354322489541,0.9962547158870904,4.270990973901852,28.037092309866875,21.493139888828797,1.0064708644979081,0.37986885040618745,17.34692068961396
1190,5.0133724009536085,0.9965332365760322,4.271040469905543,28.011731976286782,21.41231641518038,1.0026744801907217,0.37700854245965026,17.352868555284843
1191,4.994462078776963,0.9968107066915198,4.271089779211478,27.98642244540763,21.3317959373236,0.9988924157553927,0.3741697718451165,17.358794054156323
1192,4.975623085888513,0.9970871301962915,4.271138902523877,27.961163893426335,21.251577326434326,0.9951246171777026,0.3713523763924009,17.364697270080335
1193,4.956855153235871,0.9973625110381379,4.271187840544304,27.935956492985717,21.171659457840423,0.9913710306471742,0.36855619515241517,17.370578286596402
1194,4.938158012781509,0.9976368531499591,4.271236593971674,27.910800413210136,21.09204121100682,0.9876316025563018,0.3657810683879733,17.376437186932794
1195,4.919531397498926,0.9979101604498202,4.2712851635022675,27.885695819740832,21.01272146952074,0.9839062794997853,0.3630268375646661,17.38227405400766
1196,4.900975041368843,0.9981824368410074,4.271333549829741,27.860642874770953,20.933699121076945,0.9801950082737687,0.360293345341805,17.388088970430182
1197,4.8824886793753945,0.9984536862120837,4.271381753645132,27.83564173708031,20.854973057462978,0.9764977358750789,0.3575804355634332,17.3938820185017
1198,4.864072047502357,0.998723912436945,4.27142977563687,27.81069256206979,20.776542174544563,0.9728144095004714,0.35488795324940653,17.39965328021685
1199,4.84572488272936,0.9989931193748744,4.27147761649079,27.78579550179553,20.69840537225092,0.9691449765458721,0.3522157445865371,17.405402837264695
1200,4.827446923028148,0.9992613108705982,4.271525276890141,27.760950705002756,20.62056155456027,0.9654893846056296,0.349563656919809,17.41113077102985
1201,4.809237907358826,0.9995284907543404,4.271572757515591,27.736158317159347,20.543009629485248,0.9618475814717652,0.34693153874365645,17.416837162593595
1202,4.791097575666131,0.9997946628418773,4.271620059045245,27.711418480489122,20.46574850905849,0.9582195151332262,0.34431923969330824,17.422522092735
1203,4.773025668875733,1.0,4.2715953850331365,27.686731334004822,20.38843441981428,0.9546051337751467,0.34172661053619957,17.428185546740504
1204,4.755021928890514,1.0,4.271325328933358,27.66209701354083,20.310245604503606,0.9510043857781028,0.33915350316344495,17.433827281630645
1205,4.737086098586898,1.0,4.2710562914788035,27.6375156517856,20.232361384646353,0.9474172197173797,0.33659977058137863,17.43944738201527
1206,4.719217921811171,1.0,4.270788268827168,27.612987378313793,20.154780538510078,0.9438435843622341,0.3340652669031562,17.445045932164856
1207,4.701417143375827,1.0,4.270521257150637,27.588512319618182,20.077501849518896,0.9402834286751653,0.3315498473404218,17.450623016011946
1208,4.683683509055917,1.0,4.270255252635839,27.56409059914123,20.000524106229886,0.9367367018111834,0.3290533681950352,17.456178717152564
1209,4.666016765585425,1.0,4.269990251483781,27.539722337306433,19.92384610230965,0.933203353117085,0.3265756868508641,17.46171311884765
1210,4.64841666065365,1.0,4.269726249909805,27.515407651549374,19.84746663651097,0.9296833321307301,0.32411666176563647,17.46722630402446
1211,4.630882942901597,1.0,4.269463244143524,27.49114665634853,19.771384512649565,0.9261765885803195,0.32167615246285436,17.472718355277976
1212,4.613415361918396,1.0,4.269201230428776,27.466939463255784,19.695598539581038,0.9226830723836793,0.31925401952376975,17.478189354872306
1213,4.596013668237719,1.0,4.268940205023566,27.442786180926706,19.620107531177837,0.9192027336475437,0.31685012457941897,17.483639384742077
1214,4.578677613334214,1.0,4.268680164200013,27.41868691515056,19.54491030630642,0.9157355226668429,0.3144643303027185,17.489068526493828
1215,4.56140694961997,1.0,4.268421104244299,27.39464176888004,19.470005688804495,0.912281389923994,0.31209650040062037,17.494476861407385
1216,4.544201430440964,1.0,4.268163021456615,27.370650842260766,19.395392507458375,0.9088402860881928,0.30974649960632555,17.499864470437235
1217,4.527060810073551,1.0,4.267905912151104,27.346714232660535,19.321069595980475,0.9054121620147102,0.3074141936715569,17.505231434213897
1218,4.509984843720947,1.0,4.2676497726558145,27.32283203469828,19.247035792986868,0.9019969687441893,0.3050994493588898,17.510577833045282
1219,4.492973287509738,1.0,4.267394599312646,27.29900434027282,19.17328994197504,0.8985946575019476,0.3028021344341409,17.515903746918053
1220,4.476025898486389,1.0,4.267140388477296,27.275231238591342,19.09983089130165,0.8952051796972779,0.3005221176588133,17.52120925549897
1221,4.45914243461379,1.0,4.266887136519207,27.251512816197643,19.02665749416052,0.8918284869227581,0.298259268782601,17.526494438136236
1222,4.442322654767781,1.0,4.266634839821517,27.227849157000115,18.95376860856063,0.8884645309535563,0.296013458535946,17.531759373860837
1223,4.425566318733719,1.0,4.266383494781006,27.204240342299506,18.881163097304277,0.8851132637467438,0.29378455862265485,17.537004141387865
1224,4.408873187203047,1.0,4.266133097808046,27.18068645081643,18.808839827965368,0.8817746374406094,0.2915724417125693,17.542228819117856
1225,4.392243021769868,1.0,4.265883645326548,27.15718755871864,18.736797672867738,0.8784486043539736,0.2893769814342915,17.547433485138097
1226,4.375675584927556,1.0,4.265635133773913,27.133743739648057,18.665035509063703,0.8751351169855113,0.28719805236796664,17.552618217223948
1227,4.359170640065346,1.0,4.26538755960098,27.110355064747583,18.59355221831257,0.8718341280130693,0.28503553003811577,17.557783092840147
1228,4.342727951464969,1.0,4.265140919271975,27.087021602687667,18.522346687059397,0.8685455902929938,0.2828892909065269,17.56292818914211
1229,4.326347284297275,1.0,4.264895209264459,27.063743419692635,18.45141780641375,0.865269456859455,0.280759212365196,17.568053582977225
1230,4.310028404618884,1.0,4.2646504260692835,27.04052057956681,18.38076447212864,0.8620056809237768,0.27864517272932404,17.57315935088615
1231,4.293771079368853,1.0,4.264406566190533,27.017353143720385,18.31038558457955,0.8587542158737707,0.2765470512303655,17.57824556910409
1232,4.277575076365329,1.0,4.26416362614548,26.994241171195085,18.24028004874351,0.8555150152730657,0.27446472800912775,17.583312313562075
1233,4.2614401643022495,1.0,4.263921602464534,26.971184718689592,18.170446774178377,0.8522880328604499,0.27239808410892574,17.588359659888237
1234,4.245366112746031,1.0,4.263680491691191,26.948183840584765,18.100884675002117,0.8490732225492061,0.27034700146878515,17.59338768340907
1235,4.229352692132279,1.0,4.263440290381984,26.925238588968625,18.03159266987227,0.8458705384264558,0.2683113629166983,17.598396459150702
1236,4.213399673762515,1.0,4.263200995106438,26.90234901366113,17.962569681965494,0.842679934752503,0.26629105216293103,17.603386061840137
1237,4.1975068298009,1.0,4.262962602447014,26.87951516223873,17.89381463895716,0.83950136596018,0.264285953793378,17.608356565906515
1238,4.181673933270989,1.0,4.262725108999065,26.8567370800587,17.82532647300113,0.8363347866541979,0.26229595326297095,17.61330804548235
1239,4.165900758052488,1.0,4.262488511370788,26.834014810283293,17.757104120709585,0.8331801516104976,0.26032093688913444,17.61824057440477
1240,4.150187078878023,1.0,4.26225280618317,26.811348393903625,17.689146523132987,0.8300374157756046,0.2583607918452915,17.62315422621675
1241,4.1345326713299215,1.0,4.262017990069949,26.788737869763406,17.621452625740087,0.8269065342659843,0.25641540615441805,17.628049074168345
1242,4.118937311837009,1.0,4.261784059677555,26.76618327458243,17.554021378398083,0.8237874623674019,0.25448466868264635,17.6329251912179
1243,4.1034007776714185,1.0,4.261551011665071,26.74368464297988,17.486851735352875,0.8206801555342838,0.25256846913291603,17.637782650033277
1244,4.087922846945405,1.0,4.261318842704181,26.721242007497388,17.419942655209375,0.8175845693890811,0.25066669803867336,17.642621522993057
1245,4.072503298608182,1.0,4.2610875494791225,26.69885539862196,17.35329310091198,0.8145006597216364,0.24877924675761784,17.647441882187756
1246,4.057141912442757,1.0,4.2608571286866415,26.676524844808625,17.286902039725074,0.8114283824885513,0.24690600746549504,17.652243799421015
1247,4.041838469062793,1.0,4.260627577035942,26.654250372502954,17.22076844321367,0.8083676938125587,0.24504687314993795,17.657027346210796
1248,4.026592749909475,1.0,4.260398891248642,26.63203200616332,17.15489128722415,0.805318549981895,0.2432017376043532,17.66179259379058
1249,4.011404537248382,1.0,4.2601710680587255,26.60986976828301,17.08926955186506,0.8022809074496765,0.24137049542185363,17.66653961311054
1250,3.996273614166388,1.0,4.259944104212496,26.587763679412095,17.02390222148807,0.7992547228332776,0.23955304198923724,17.671268474838733
1251,3.981199764568552,1.0,4.259717996468528,26.565713758179164,16.95878828466893,0.7962399529137104,0.23774927348101044,17.675979249362253
1252,3.9661827731750434,1.0,4.259492741597626,26.543720021312815,16.89392673418864,0.7932365546350086,0.23595908685345715,17.680672006788416
1253,3.9512224255180577,1.0,4.259268336382771,26.52178248366298,16.829316567014594,0.7902444851036116,0.23418237983875204,17.68534681694592
1254,3.93631850793876,1.0,4.259044777619081,26.49990115822207,16.76495678428191,0.7872637015877519,0.23241905093911835,17.690003749385998
1255,3.921470807584234,1.0,4.258822062113763,26.478076056145902,16.700846391274812,0.7842941615168468,0.23066899942103014,17.694642873383575
1256,3.906679112404433,1.0,4.258600186686067,26.456307186774474,16.636984397408078,0.7813358224808866,0.2289321253094563,17.69926425793841
1257,3.891943211149165,1.0,4.258379148167237,26.434594557652538,16.573369816208643,0.7783886422298331,0.2272083293821511,17.703867971776244
1258,3.877262893365064,1.0,4.258158943400476,26.41293817454999,16.510001665297253,0.7754525786730129,0.22549751316398442,17.708454083349938
1259,3.862637949392592,1.0,4.2579395692408895,26.391338041482086,16.446878966370207,0.7725275898785184,0.2237995789213171,17.713022660840597
1260,3.84806817036304,1.0,4.257721022555446,26.36979416072948,16.384000745181186,0.7696136340726081,0.22211442965641734,17.7175737721587
1261,3.833553348195546,1.0,4.257503300222933,26.34830653285807,16.321366031523212,0.7667106696391092,0.2204419691019192,17.722107484945237
1262,3.819093275594128,1.0,4.257286399133912,26.326875156738694,16.258973859210663,0.7638186551188256,0.2187821017153243,17.726623866572794
1263,3.804687746044715,1.0,4.257070316190671,26.305500029566605,16.196823266061344,0.760937549208943,0.21713473267354216,17.7311229841467
1264,3.790336553812205,1.0,4.256855048307183,26.284181146880833,16.134913293878736,0.7580673107624409,0.2154997678674747,17.73560490450611
1265,3.776039493937525,1.0,4.256640592409063,26.26291850258332,16.073242988434245,0.755207898787505,0.2138771138966394,17.74006969422512
1266,3.761796362234699,1.0,4.256426945433521,26.241712088957925,16.01181139944957,0.7523592724469398,0.2122666780638332,17.744517419613857
1267,3.7476069552879374,1.0,4.256214104329319,26.22056189668922,15.950617580579175,0.7495213910575875,0.21066836836983785,17.748948146719574
1268,3.733471070448732,1.0,4.256002066056731,26.199467914881158,15.88966058939284,0.7466942140897463,0.20908209350816398,17.75336194132774
1269,3.719388505832957,1.0,4.255790827587495,26.17843013107555,15.828939487358257,0.7438777011665915,0.20750776285983477,17.757758868963116
1270,3.705359060317991,1.0,4.25558038590477,26.15744853127038,15.768453339823772,0.7410718120635982,0.2059452864882094,17.762138994890844
1271,3.691382533539841,1.0,4.255370738003098,26.136523099937957,15.708201216001179,0.7382765067079682,0.20439457513384524,17.766502384117512
1272,3.677458725890284,1.0,4.2551618808883545,26.11565382004291,15.648182188948592,0.7354917451780568,0.20285554020939886,17.77084910139222
1273,3.66358743851401,1.0,4.25495381157771,26.094840673060006,15.588395335553408,0.732717487702802,0.20132809379456468,17.77517921120765
1274,3.6497684733057936,1.0,4.254746527099587,26.074083638991837,15.528839736515387,0.7299536946611587,0.19981214863105354,17.779492777801128
1275,3.636001632907652,1.0,4.254540024493615,26.05338269638632,15.469514476329744,0.7272003265815303,0.19830761811760667,17.783789865155665
1276,3.6222867207060334,1.0,4.254334300810591,26.03273782235404,15.41041864327039,0.7244573441412067,0.19681441630504903,17.78807053700102
1277,3.6086235408290097,1.0,4.254129353112435,26.012148992585466,15.35155132937322,0.7217247081658019,0.19533245789137949,17.792334856814733
1278,3.5950118981434747,1.0,4.253925178472152,25.99161618136798,15.292911630419491,0.719002379628695,0.19386165821689721,17.796582887823185
1279,3.5814515982523605,1.0,4.253721773973785,25.97113936160277,15.23449864591928,0.7162903196504721,0.1924019332593658,17.800814693002607
1280,3.56794244749186,1.0,4.253519136712378,25.950718504821563,15.176311479095025,0.713588489498372,0.19095319962921303,17.805030335080133
1281,3.554484252928662,1.0,4.25331726379393,25.930353581203207,15.118349236865148,0.7108968505857324,0.1895153745647674,17.80922987653482
1282,3.5410768223571947,1.0,4.253116152335358,25.91004455959011,15.060611029827747,0.708215364471439,0.18808837592752992,17.81341337959866
1283,3.5277199642968817,1.0,4.2529157994644535,25.889791407504525,15.003095972244386,0.7055439928593763,0.18667212219748186,17.817580906257618
1284,3.514413487989407,1.0,4.252716202319841,25.869594091164693,14.945803182023937,0.7028826975978814,0.18526653246842803,17.821732518252624
1285,3.501157203395989,1.0,4.25251735805094,25.849452575500827,14.888731780706529,0.7002314406791978,0.18387152644337434,17.8258682770806
1286,3.487950921194669,1.0,4.25231926381792,25.829366824170958,14.831880893447552,0.6975901842389338,0.1824870244299411,17.829988243995444
1287,3.4747944527776062,1.0,4.252121916791665,25.809336799576652,14.775249649001758,0.6949588905555213,0.18111294733581035,17.834092480009055
1288,3.4616876102483847,1.0,4.251925314153726,25.789362462878557,14.718837179707425,0.6923375220496769,0.1797492166642076,17.838181045892306
1289,3.448630206419328,1.0,4.25172945309629,25.769443774011826,14.662642621470596,0.6897260412838656,0.17839575450941725,17.84225400217605
1290,3.435622054808828,1.0,4.251534330822133,25.749580691701404,14.606665113749411,0.6871244109617656,0.1770524835523325,17.84631140915209
1291,3.4226629696386808,1.0,4.25133994454458,25.729773173477152,14.550903799538498,0.6845325939277361,0.1757193270560381,17.850353326874185
1292,3.4097527658314326,1.0,4.251146291487472,25.710021175688865,14.495357825353445,0.6819505531662865,0.17439620886142654,17.854379815159007
1293,3.396891259007739,1.0,4.250953368885116,25.690324653521127,14.440026341215352,0.6793782518015478,0.1730830533828477,17.85839093358712
1294,3.38407826548373,1.0,4.250761173982256,25.670683561008044,14.384908500635456,0.676815653096746,0.17177978560379054,17.862386741503965
1295,3.3713136022683843,1.0,4.250569704034026,25.651097851047833,14.330003460599812,0.6742627204536769,0.17048633107259742,17.866367298020798
1296,3.3585970870609207,1.0,4.250378956305914,25.631567475417295,14.27531038155408,0.6717194174121841,0.16920261589821153,17.870332662015674
1297,3.345928538248192,1.0,4.250188928073723,25.61209238478613,14.220828427388364,0.6691857076496384,0.16792856674595524,17.874282892134392
1298,3.3333077749020923,1.0,4.249999616623532,25.592672528731143,14.16655676542213,0.6666615549804185,0.16666411083334107,17.878218046791453
1299,3.3207346167769694,1.0,4.249811019251655,25.573307855750304,14.112494566389184,0.6641469233553938,0.16540917592591328,17.882138184171005
1300,3.3082088843070565,1.0,4.249623133264606,25.55399831327669,14.05864100442276,0.6616417768614113,0.1641636903331221,17.886043362227788
1301,3.2957303986039013,1.0,4.249435955979059,25.534743847692297,14.004995257040614,0.6591460797207802,0.16292758290422746,17.889933638688078
1302,3.283298981453819,1.0,4.249249484721807,25.51554440434172,13.951556505130275,0.6566597962907638,0.16170078302423527,17.893809071050615
1303,3.2709144553153395,1.0,4.24906371682973,25.496399927545706,13.89832393293429,0.6541828910630679,0.16048322060986264,17.89766971658754
1304,3.2585766433166743,1.0,4.24887864964975,25.477310360614588,13.845296728035567,0.6517153286633348,0.15927482610553445,17.901515632345326
1305,3.246285369253194,1.0,4.248694280538798,25.458275645861598,13.792474081342826,0.6492570738506388,0.1580755304794102,17.9053468751457
1306,3.2340404575849058,1.0,4.248510606863774,25.439295724616038,13.739855187076046,0.6468080915169812,0.1568852652194398,17.909163501586555
1307,3.221841733433952,1.0,4.248327626001509,25.42037053723636,13.687439242752049,0.6443683466867904,0.15570396232945038,17.912965568042875
1308,3.209689022582109,1.0,4.248145335338732,25.401500023123088,13.63522544917012,0.6419378045164218,0.15453155432526142,17.916753130667644
1309,3.197582151468301,1.0,4.247963732272025,25.382684120731664,13.583213010397696,0.6395164302936602,0.15336797423082973,17.920526245392754
1310,3.185520947186119,1.0,4.247782814207792,25.363922767585134,13.531401133756122,0.6371041894372238,0.15221315557442322,17.924284967929907
1311,3.1735052374813524,1.0,4.247602578562221,25.345215900286732,13.479789029806506,0.6347010474962704,0.15106703238482364,17.92802935377152
1312,3.161534850749533,1.0,4.247423022761243,25.326563454532355,13.428375912335598,0.6323069701499067,0.14992953918755808,17.931759458191614
1313,3.149609616033478,1.0,4.2472441442405025,25.307965365122918,13.377160998341767,0.6299219232066956,0.14880061100115827,17.935475336246707
1314,3.13772936302085,1.0,4.247065940445313,25.289421565976582,13.326143508021019,0.62754587260417,0.14768018333344843,17.939177042776713
1315,3.125893922041728,1.0,4.2468884088306265,25.270931990140884,13.27532266475312,0.6251787844083456,0.1465681921778612,17.94286463240581
1316,3.1141031240661805,1.0,4.246711546860993,25.25249656980474,13.224697695087741,0.6228206248132361,0.14546457400978116,17.946538159543337
1317,3.1023568007018545,1.0,4.246535352010528,25.234115236310355,13.174267828730706,0.6204713601403709,0.14436926578291567,17.95019767838465
1318,3.090654784191567,1.0,4.246359821762874,25.215787920164995,13.124032298530276,0.6181309568383134,0.14328220492569332,17.953843242912022
1319,3.0789969074109123,1.0,4.246184953611164,25.197514551052674,13.07399034046352,0.6157993814821825,0.14220332933768942,17.957474906895484
1320,3.067383003865873,1.0,4.246010745057989,25.179295057845714,13.024141193622746,0.6134766007731746,0.14113257738607837,17.961092723893714
1321,3.055812907690445,1.0,4.2458371936153565,25.161129368616212,12.974484100201982,0.611162581538089,0.14006988790211297,17.96469674725488
1322,3.044286453644265,1.0,4.245664296804664,25.143017410647378,12.925018305483542,0.608857290728853,0.1390152001776296,17.968287030117516
1323,3.032803477110253,1.0,4.245492052156654,25.124959110444788,12.875743057824643,0.6065606954220506,0.1379684539615806,17.971863625411356
1324,3.021363814092263,1.0,4.245320457211384,25.106954393747525,12.826657608644096,0.6042727628184525,0.13692958945659217,17.9754265858582
1325,3.009967301212733,1.0,4.245149509518191,25.089003185539205,12.777761212409025,0.6019934602425466,0.13589854731554793,17.97897596397276
1326,2.998613775710364,1.0,4.244979206635656,25.071105410058905,12.72905312662173,0.5997227551420728,0.13487526863819949,17.98251181206349
1327,2.987303075437784,1.0,4.244809546131567,25.053260990812,12.680532611806493,0.5974606150875568,0.13385969496780062,17.986034182233436
1328,2.976035038859239,1.0,4.244640525582889,25.03546985058087,12.632198931496573,0.5952070077718478,0.13285176828776868,17.989543126381072
1329,2.964809505048284,1.0,4.244472142575725,25.017731911435543,12.584051352221163,0.5929619010096567,0.13185143101836977,17.993038696201133
1330,2.953626313685484,1.0,4.244304394705282,25.000047094744197,12.536089143492463,0.5907252627370968,0.13085862601342954,17.996520943185438
1331,2.9424853050561257,1.0,4.244137279575842,24.982415321183595,12.488311577792796,0.5884970610112251,0.1298732965570686,17.999989918623715
1332,2.931386320047936,1.0,4.2439707948007195,24.964836510749404,12.440717930561796,0.5862772640095872,0.1288953863604627,18.00344567360443
1333,2.9203292001488093,1.0,4.243804938002232,24.947310582766413,12.393307480183626,0.5840658400297618,0.12792483955862677,18.00688825901559
1334,2.909313787444543,1.0,4.243639706811669,24.929837455898674,12.346079507974306,0.5818627574889086,0.12696160070722365,18.010317725545583
1335,2.898339924616585,1.0,4.243475098869249,24.912417048159522,12.299033298169055,0.5796679849233171,0.1260056147793971,18.013734123683964
1336,2.887407454939785,1.0,4.243311111824097,24.89504927692151,12.252168137909726,0.577481490987957,0.1250568271626277,18.01713750372227
1337,2.876516222280154,1.0,4.243147743334203,24.877734058926265,12.205483317232261,0.5753032444560308,0.12411518365561332,18.020527915754837
1338,2.865666071092638,1.0,4.24298499106639,24.86047131029421,12.158978129054253,0.5731332142185276,0.12318063046517275,18.023905409679575
1339,2.854856846418896,1.0,4.242822852696284,24.843260946534233,12.112651869162537,0.5709713692837792,0.12225311420317267,18.027270035198786
1340,2.8440883938850856,1.0,4.242661325908276,24.82610288255325,12.066503836200837,0.5688176787770172,0.12133258188347767,18.030621841819954
1341,2.833360559699659,1.0,4.242500408395495,24.808997032665662,12.020533331657491,0.5666721119399318,0.12041898091892346,18.033960878856526
1342,2.822673190651165,1.0,4.242340097859768,24.791943310602736,11.974739659853206,0.564534638130233,0.11951225911831241,18.037287195428707
1343,2.812026134106066,1.0,4.2421803920115915,24.774941629521905,11.929122127928911,0.5624052268212132,0.11861236468343261,18.040600840464244
1344,2.8014192380065506,1.0,4.242021288570099,24.757991902015945,11.883680045833612,0.5602838476013101,0.11771924620609803,18.043901862699197
1345,2.790852350868368,1.0,4.2418627852630255,24.741094040122103,11.838412726312358,0.5581704701736736,0.11683285266521243,18.04719031067873
1346,2.780325321778661,1.0,4.24170487982668,24.724247955331112,11.793319484894232,0.5560650643557322,0.11595313342385422,18.050466232757866
1347,2.7698380003938152,1.0,4.241547570005907,24.707453558596118,11.748399639880407,0.553967600078763,0.11508003822638413,18.05372967710228
1348,2.759390236937304,1.0,4.241390853554059,24.69071076034154,11.70365251233225,0.5518780473874607,0.11421351719557364,18.056980691689038
1349,2.7489818821975587,1.0,4.241234728232963,24.674019470471816,11.659077426059502,0.5497963764395117,0.11335352082975649,18.060219324307386
1350,2.73861278752583,1.0,4.241079191812887,24.657379598380103,11.614673707608487,0.5477225575051661,0.11249999999999996,18.0634456225595
1351,2.728282804834071,1.0,4.240924242072511,24.640791052956853,11.570440686250397,0.5456565609668143,0.11165290594729899,18.066659633861235
1352,2.7179917865928167,1.0,4.240769876798892,24.624253742598324,11.526377693969621,0.5435983573185633,0.11081219027979017,18.069861405442893
1353,2.707739585829081,1.0,4.240616093787437,24.607767575215004,11.482484065452129,0.5415479171658162,0.10997780496998764,18.073050984349962
1354,2.697526056124257,1.0,4.240462890841864,24.59133245823996,11.43875913807392,0.5395052112248514,0.10914970235203933,18.076228417443872
1355,2.6873510516120245,1.0,4.2403102657741805,24.574948298637107,11.395202251889508,0.5374702103224049,0.1083278351190038,18.07939375140273
1356,2.6772144269762674,1.0,4.2401582164046445,24.558615002909374,11.351812749620473,0.5354428853952535,0.10751215632014796,18.08254703272207
1357,2.6671160374489995,1.0,4.240006740561735,24.542332477106815,11.308589976644063,0.5334232074897999,0.10670261935826479,18.085688307715582
1358,2.6570557388082947,1.0,4.239855836082125,24.52610062683463,11.26553328098185,0.531411147761659,0.10589917798701139,18.088817622515855
1359,2.64703338737623,1.0,4.2397055008106435,24.509919357261108,11.222642013288434,0.5294066774752461,0.10510178630826718,18.091935023075102
1360,2.637048840016832,1.0,4.239555732600253,24.493788573125492,11.179915526840206,0.5274097680033665,0.10431039876951179,18.09504055516589
1361,2.6271019541340315,1.0,4.239406529312011,24.47770817874576,11.137353177524156,0.5254203908268062,0.10352497016122271,18.09813426438187
1362,2.617192587669629,1.0,4.239257888815045,24.461678078026353,11.094954323826736,0.5234385175339258,0.10274545561429273,18.101216196138488
1363,2.6073205991012656,1.0,4.23910980898652,24.445698174465786,11.052718326822784,0.5214641198202531,0.10197181059746672,18.104286395673718
1364,2.5974858474404017,1.0,4.238962287711606,24.429768371164226,11.010644550164486,0.5194971694880803,0.10120399091479772,18.107344908048763
1365,2.587688192230301,1.0,4.238815322883455,24.413888570830974,10.968732360070387,0.5175376384460602,0.10044195270312184,18.11039177814878
1366,2.5779274935440304,1.0,4.238668912403161,24.398058675791862,10.926981125314482,0.5155854987088061,0.0996856524295531,18.11342705068359
1367,2.568203611982453,1.0,4.238523054179737,24.38227858799661,10.8853902172153,0.5136407223964906,0.09893504688899578,18.116450770188372
1368,2.558516408672247,1.0,4.238377746130084,24.366548209026064,10.843959009625115,0.5117032817344495,0.09819009320167699,18.11946298102438
1369,2.5488657452639147,1.0,4.238232986178959,24.350867440099414,10.80268687891914,0.5097731490527829,0.09745074881069657,18.122463727379635
1370,2.5392514839298106,1.0,4.238088772258948,24.335236182081292,10.761573203984803,0.5078502967859622,0.09671697147959617,18.12545305326963
1371,2.52967348736217,1.0,4.237945102310433,24.319654335488835,10.72061736621106,0.505934697472434,0.09598871928994623,18.128431002538022
1372,2.520131618771151,1.0,4.237801974281568,24.30412180049865,10.679818749477786,0.5040263237542302,0.09526595063895152,18.13139761885732
1373,2.510625741882881,1.0,4.237659386128243,24.288638476953732,10.639176740145174,0.5021251483765762,0.0945486242370745,18.13435294572958
1374,2.5011557209375086,1.0,4.237517335814063,24.2732042643703,10.598690727043214,0.5002311441875017,0.09383669910567642,18.137297026487094
1375,2.491721420687264,1.0,4.237375821310309,24.257819061944563,10.558360101461185,0.49834428413745285,0.09313013457467638,18.140229904293054
1376,2.482322706394529,1.0,4.237234840595918,24.242482768559423,10.51818425713725,0.4964645412789058,0.09242889028022788,18.14315162214226
1377,2.472959443829913,1.0,4.237094391657449,24.22719528279111,10.478162590248049,0.49459188876598265,0.0917329261624133,18.146062222861772
1378,2.463631499270338,1.0,4.236954472489055,24.211956502915758,10.438294499398374,0.4927262998540676,0.09104220246295519,18.148961749111606
1379,2.4543387394971217,1.0,4.236815081092457,24.19676632691588,10.398579385610857,0.49086774789942433,0.0903566797229448,18.151850243385386
1380,2.445081031794082,1.0,4.236676215476911,24.181624652486832,10.359016652315733,0.48901620635881643,0.0896763187805882,18.15472774801103
1381,2.43585824394564,1.0,4.236537873659185,24.166531377043164,10.31960570534066,0.48717164878912805,0.08900108076896907,18.157594305151402
1382,2.4266702442349284,1.0,4.236400053663524,24.151486397724934,10.280345952900527,0.48533404884698567,0.0883309271138281,18.160449956804985
1383,2.4175169014419144,1.0,4.236262753521629,24.136489611403942,10.241236805587402,0.4835033802883829,0.08766581953135973,18.16329474480654
1384,2.408398084841525,1.0,4.236125971272623,24.121540914689913,10.20227767636043,0.48167961696830497,0.08700572002602487,18.16612871082775
1385,2.3993136642017765,1.0,4.235989704963027,24.106640203936603,10.163467980535842,0.4798627328403553,0.08635059088838032,18.168951896377898
1386,2.390263509781918,1.0,4.235853952646729,24.091787375247858,10.124807135776981,0.4780527019563836,0.0857003946929246,18.171764342804504
1387,2.3812474923305795,1.0,4.2357187123849585,24.0769823244836,10.086294562084394,0.4762494984661159,0.0850550942959601,18.174566091293972
1388,2.3722654830839227,1.0,4.235583982246259,24.06222494726575,10.047929681785947,0.47445309661678453,0.08441465283347095,18.177357182872246
1389,2.363317353763803,1.0,4.235449760306457,24.04751513898411,10.009711919526989,0.4726634707527606,0.08377903371901715,18.18013765840545
1390,2.3544029765759387,1.0,4.2353160446486395,24.03285279480215,9.971640702260588,0.4708805953151877,0.0831482006416446,18.182907558600522
1391,2.3455222242080835,1.0,4.235182833363122,24.018237809662768,9.933715459237762,0.46910444484161673,0.08252211756381052,18.185666924005865
1392,2.3366749698282137,1.0,4.235050124547423,24.003670078293972,9.895935621997822,0.4673349939656427,0.08190074871932525,18.188415795011977
1393,2.327861087082709,1.0,4.234917916306241,23.98914949521451,9.858300624358687,0.4655722174165418,0.08128405861130837,18.191154211852076
1394,2.3190804500945537,1.0,4.234786206751418,23.974675954739435,9.820809902407287,0.4638160900189107,0.08067201201016136,18.193882214602745
1395,2.310332933461537,1.0,4.234654994001923,23.96024935098563,9.78346289449001,0.4620665866923074,0.08006457395155485,18.196599843184547
1396,2.301618412254462,1.0,4.2345242761838175,23.945869577877243,9.746259041203173,0.4603236824508924,0.07946170973443126,18.19930713736266
1397,2.292936762015363,1.0,4.234394051430231,23.931536529151103,9.709197785383548,0.4585873524030726,0.07886338491902245,18.202004136747487
1398,2.2842878587557256,1.0,4.234264317881336,23.91725009836205,9.67227857209893,0.4568575717511451,0.07826956532488227,18.20469088079529
1399,2.275671578954717,1.0,4.234135073684321,23.903010178888227,9.635500848638745,0.45513431579094343,0.07768021702893382,18.2073674088088
1400,2.267087799557423,1.0,4.234006316993361,23.888816663936307,9.598864064504708,0.4534175599114846,0.07709530636353178,18.21003375993783
1401,2.258536397973088,1.0,4.233878045969597,23.87466944654667,9.56236767140151,0.45170727959461765,0.07651479991453877,18.212689973179884
1402,2.250017252073369,1.0,4.233750258781101,23.86056841959852,9.526011123227567,0.4500034504146738,0.07593866451941692,18.21533608738078
1403,2.241530240190584,1.0,4.233622953602859,23.846513475814955,9.489793876065786,0.4483060480381168,0.07536686726533286,18.217972141235244
1404,2.2330752411159818,1.0,4.23349612861674,23.832504507767982,9.453715388174402,0.44661504822319636,0.074799375487278,18.220598173287513
1405,2.2246521340980068,1.0,4.23336978201147,23.818541407883476,9.417775119977831,0.4449304268196014,0.07423615676620224,18.22321422193195
1406,2.216260798840576,1.0,4.233243911982608,23.80462406844608,9.381972534057581,0.4432521597681152,0.07367717892716202,18.225820325413633
1407,2.207901115501357,1.0,4.233118516732521,23.790752381604076,9.346307095143183,0.4415802231002714,0.07312241003748206,18.22841652182895
1408,2.1995729646900672,1.0,4.232993594470352,23.77692623937417,9.310778270103215,0.43991459293801344,0.07257181840493178,18.231002849126202
1409,2.1912762274667528,1.0,4.232869143412001,23.76314553364626,9.275385527936276,0.43825524549335054,0.07202537257591385,18.233579345106186
1410,2.1830107853401035,1.0,4.232745161780102,23.74941015618813,9.240128339762103,0.4366021570680207,0.07148304133366823,18.236146047422785
1411,2.1747765202657554,1.0,4.232621647803986,23.73571999865011,9.205006178812662,0.4349553040531511,0.07094479369648841,18.238702993583566
1412,2.166573314644604,1.0,4.232498599719669,23.722074952569667,9.170018520423287,0.43331466292892074,0.07041059891595157,18.24125022095035
1413,2.158401051321125,1.0,4.232376015769817,23.708474909375955,9.135164842023888,0.43168021026422504,0.06988042647516207,18.2437877667398
1414,2.1502596135817047,1.0,4.232253894203725,23.694919760394335,9.100444623130167,0.43005192271634096,0.06935424608700812,18.246315668024003
1415,2.142148885152967,1.0,4.232132233277294,23.681409396850814,9.065857345334893,0.42842977703059343,0.06883202769243149,18.24883396173104
1416,2.1340687502001203,1.0,4.232011031253002,23.667943709876457,9.031402492299216,0.4268137500400241,0.06831374145871055,18.251342684645568
1417,2.126019093325296,1.0,4.23189028639988,23.654522590511743,8.997079549743999,0.4252038186650592,0.06779935777775568,18.253841873409385
1418,2.1179997995659017,1.0,4.2317699969934885,23.64114592971088,8.962888005441204,0.42359995991318034,0.06728884726441799,18.256331564522007
1419,2.110010754392987,1.0,4.231650161315895,23.627813618346067,8.928827349205358,0.42200215087859744,0.06678218075481095,18.25881179434123
1420,2.1020518437095976,1.0,4.231530777655644,23.61452554721171,8.894897072884953,0.4204103687419195,0.06627932930464377,18.2612825990837
1421,2.094122953849152,1.0,4.231411844307737,23.601281607028593,8.861096670354007,0.4188245907698304,0.06578026418756848,18.263744014825466
1422,2.086223971573815,1.0,4.231293359573607,23.588081688448014,8.827425637503563,0.417244794314763,0.06528495689353835,18.26619607750255
1423,2.078354784072883,1.0,4.231175321761094,23.574925682055852,8.79388347223329,0.4156709568145766,0.06479337912717961,18.2686388229115
1424,2.070515278961171,1.0,4.231057729184418,23.56181347837661,8.760469674443092,0.41410305579223416,0.06430550280617482,18.27107228670996
1425,2.0627053442774086,1.0,4.2309405801641615,23.548744967877408,8.727183746024776,0.4125410688554817,0.06382130005965875,18.27349650441719
1426,2.0549248684826416,1.0,4.23082387302724,23.53572004097192,8.69402519085372,0.4109849736965283,0.06334074322662601,18.275911511414648
1427,2.047173740458636,1.0,4.23070760610688,23.52273858802429,8.660993514780623,0.4094347480917272,0.06286380485435104,18.278317342946533
1428,2.0394518495062948,1.0,4.230591777742594,23.50980049935298,8.628088225623257,0.40789036990125893,0.062390457696819696,18.28071403412032
1429,2.0317590853440746,1.0,4.230476386280161,23.496905665234603,8.595308833158287,0.4063518170688149,0.06192067471317285,18.283101619907306
1430,2.0240953381064117,1.0,4.230361430071596,23.484053975907678,8.562654849113091,0.40481906762128234,0.06145442906616164,18.28548013514317
1431,2.016460498342153,1.0,4.2302469074751325,23.471245321576376,8.530125787157656,0.40329209966843055,0.06099169412061424,18.287849614528493
1432,2.008854457012992,1.0,4.230132816855195,23.458479592414207,8.49772116289648,0.40177089140259836,0.060532443441914434,18.290210092629298
1433,2.001277105491912,1.0,4.230019156582379,23.44575667856767,8.465440493860521,0.4002554210983824,0.06007665079449129,18.292561603877594
1434,1.9937283355616355,1.0,4.2299059250334246,23.433076470159847,8.43328329949919,0.3987456671123271,0.05962429014032054,18.294904182571898
1435,1.9862080394130768,1.0,4.2297931205911965,23.420438857294,8.40124910117236,0.39724160788261537,0.05917533563743707,18.29723786287778
1436,1.978716109643806,1.0,4.229680741644657,23.407843730057063,8.369337422142443,0.3957432219287612,0.05872976163845877,18.299562678828373
1437,1.9712524392565105,1.0,4.229568786588848,23.395290978523157,8.337547787566466,0.3942504878513021,0.05828754268912113,18.30187866432492
1438,1.9638169216574688,1.0,4.2294572538248625,23.382780492757018,8.305879724488193,0.39276338433149377,0.05784865352682325,18.30418585313728
1439,1.9564094506550305,1.0,4.229346141759826,23.370312162817417,8.274332761830314,0.3912818901310061,0.05741306907918477,18.306484278904456
1440,1.9490299204580943,1.0,4.229235448806872,23.35788587876052,8.24290643038661,0.3898059840916189,0.056980764462613284,18.308773975135118
1441,1.941678225674604,1.0,4.229125173385119,23.345501530643222,8.21160026281422,0.3883356451349208,0.05655171498088317,18.311054975208123
1442,1.9343542613100384,1.0,4.229015313919651,23.333159008526444,8.180413793625886,0.3868708522620077,0.05612589612372457,18.31332731237302
1443,1.9270579227659117,1.0,4.228905868841489,23.320858202478373,8.149346559182252,0.38541158455318236,0.055703283565423055,18.31559101975057
1444,1.9197891058382823,1.0,4.228796836587574,23.308599002577697,8.118398097684215,0.3839578211676565,0.05528385316343028,18.317846130333262
1445,1.912547706716264,1.0,4.228688215600744,23.296381298916764,8.087567949165294,0.38250954134325277,0.0548675809569846,18.32009267698581
1446,1.9053336219805408,1.0,4.228580004329708,23.28420498160474,8.056855655484014,0.38106672439610817,0.05445444316574229,18.322330692445664
1447,1.898146748601896,1.0,4.228472201229029,23.272069940770713,8.026260760316383,0.3796293497203792,0.054044416188419236,18.32456020932353
1448,1.8909869839397329,1.0,4.228364804759096,23.259976066566743,7.99578280914832,0.37819739678794656,0.05363747660144231,18.326781260103846
1449,1.8838542257406128,1.0,4.22825781338611,23.247923249170928,7.965421349268186,0.37677084514812254,0.05323360115761146,18.32899387714531
1450,1.8767483721367964,1.0,4.228151225582052,23.23591137879037,7.935175929759317,0.3753496744273593,0.05283276678477172,18.331198092681355
1451,1.869669321644786,1.0,4.228045039824672,23.223940345664158,7.905046101492597,0.3739338643289572,0.05243495058449511,18.33339393882066
1452,1.8626169731638775,1.0,4.227939254597459,23.21201004006629,7.875031417119059,0.3725233946327755,0.05204012983077247,18.335581447547636
1453,1.8555912259747167,1.0,4.227833868389621,23.20012035230856,7.845131431062526,0.37111824519494335,0.05164828196871528,18.33776065072293
1454,1.84859197973786,1.0,4.227728879696068,23.188271172743427,7.815345699512279,0.369718395947572,0.05125938461326711,18.339931580083906
1455,1.84161913449234,1.0,4.2276242870173855,23.176462391766826,7.785673780415753,0.368323826898468,0.05087341554792473,18.342094267245134
1456,1.834672590654244,1.0,4.227520088859814,23.16469389982097,7.756115233471295,0.3669345181308488,0.05049035272346933,18.344248743698877
1457,1.8277522490152835,1.0,4.22741628373523,23.152965587397105,7.726669620120898,0.36555044980305673,0.050110174256706407,18.346395040815576
1458,1.820858010741384,1.0,4.227312870161121,23.141277345038226,7.69733650354303,0.3641716021482768,0.049732858429216056,18.34853318984434
1459,1.8139897773712683,1.0,4.227209846660569,23.129629063341778,7.668115448645439,0.36279795547425364,0.04935838368611195,18.350663221913408
1460,1.807147450815055,1.0,4.227107211762226,23.11802063296231,7.639006022058041,0.36142949016301096,0.04898672863481027,18.352785168030646
1461,1.8003309333528543,1.0,4.227004964000293,23.106451944614104,7.610007792125796,0.3600661866705709,0.048617872043807395,18.354899059084016
1462,1.7935401276333731,1.0,4.226903101914501,23.094922889073764,7.581120328901635,0.35870802552667463,0.048251792841467044,18.357004925842045
1463,1.7867749366725267,1.0,4.226801624050088,23.083433357182788,7.552343204139429,0.3573549873345053,0.04788847011481667,18.359102798954307
1464,1.780035263852051,1.0,4.226700528957781,23.071983239850084,7.523675991286966,0.35600705277041017,0.047527883108352605,18.361192708951886
1465,1.7733210129181216,1.0,4.226599815193772,23.06057242805449,7.495118265478966,0.3546642025836243,0.04717001122285429,18.363274686247852
1466,1.7666320879799866,1.0,4.2264994813197,23.04920081284722,7.4666696035301525,0.3533264175959973,0.046814834014207905,18.36534876113772
1467,1.759968393508587,1.0,4.226399525902629,23.03786828535434,7.4383295839283035,0.3519936787017174,0.04646233119223794,18.367414963799924
1468,1.7533298343351993,1.0,4.226299947515028,23.02657473677912,7.410097786827386,0.3506659668670399,0.046112482619548464,18.369473324296266
1469,1.746716315650073,1.0,4.226200744734752,23.015320058404477,7.38197379404068,0.34934326313001457,0.045765268310372476,18.37152387257239
1470,1.7401277430010786,1.0,4.226101916145017,23.00410414159527,7.353957189033961,0.34802554860021573,0.04542066842943042,18.373566638458232
1471,1.7335640222923578,1.0,4.226003460334385,22.992926877800656,7.3260475569187,0.3467128044584716,0.04507866329079688,18.375601651668486
1472,1.727025059782979,1.0,4.225905375896745,22.981788158556355,7.298244484445289,0.3454050119565958,0.044739233356776036,18.377628941803053
1473,1.7205107620855995,1.0,4.2258076614312845,22.97068787548693,7.270547559996304,0.3441021524171199,0.04440235923678556,18.379648538347496
1474,1.7140210361651316,1.0,4.225710315542477,22.95962592030801,7.242956373579801,0.3428042072330263,0.04406802168624886,18.38166047067349
1475,1.7075557893374145,1.0,4.225613336840062,22.948602184828495,7.215470516822638,0.3415111578674829,0.04373620160549581,18.383664768039274
1476,1.7011149292678882,1.0,4.225516723939019,22.937616560952737,7.188089582963802,0.34022298585357763,0.04340688003867138,18.385661459590096
1477,1.6946983639702775,1.0,4.225420475459554,22.926668940682685,7.160813166847818,0.3389396727940555,0.04308003817265303,18.387650574358666
1478,1.6883060018052776,1.0,4.225324590027079,22.915759216120005,7.133640864918142,0.3376612003610555,0.042755657335975826,18.389632141265587
1479,1.6819377514792435,1.0,4.225229066272189,22.904887279468177,7.106572275210589,0.3363875502958487,0.0424337189977658,18.391606189119813
1480,1.6755935220428897,1.0,4.225133902830644,22.894053023034555,7.0796069973468185,0.33511870440857794,0.042114204766681436,18.393572746619075
1481,1.6692732228899874,1.0,4.22503909834335,22.883256339232414,7.05274463252781,0.33385464457799746,0.041797096389862884,18.395531842350334
1482,1.6629767637560733,1.0,4.224944651456341,22.872497120582956,7.025984783527397,0.33259535275121466,0.041482375751889344,18.397483504790202
1483,1.6567040547171594,1.0,4.224850560820758,22.861775259717305,6.999327054685814,0.3313408109434319,0.04117002487374415,18.399427762305393
1484,1.6504550061884484,1.0,4.224756825092827,22.851090649378456,6.972771051903272,0.3300910012376897,0.04086002591178767,18.401364643153144
1485,1.6442295289230564,1.0,4.224663442933846,22.840443182423222,6.946316382633575,0.32884590578461126,0.04055236115673804,18.403294175481655
1486,1.6380275340107346,1.0,4.224570413010161,22.82983275182413,6.919962655877745,0.32760550680214695,0.040247013032659325,18.40521638733051
1487,1.6318489328766024,1.0,4.224477733993149,22.819259250671323,6.893709482177687,0.32636978657532045,0.03994396409595759,18.407131306631115
1488,1.6256936372798816,1.0,4.224385404559198,22.808722572174393,6.867556473609888,0.32513872745597633,0.03964319703438436,18.409038961207116
1489,1.619561559312636,1.0,4.22429342338969,22.798222609664236,6.841503243779119,0.3239123118625272,0.039344694666047654,18.410939378774835
1490,1.613452611398516,1.0,4.224201789170978,22.787759256594853,6.815549407812198,0.3226905222797032,0.03904843993843035,18.412832586943672
1491,1.607366706291508,1.0,4.224110500594373,22.777332406545128,6.78969458235175,0.3214733412583016,0.038754415927416165,18.414718613216547
1492,1.6013037570746886,1.0,4.2240195563561205,22.7669419532206,6.7639383855500155,0.3202607514149377,0.0384626058363227,18.416597484990312
1493,1.595263677158982,1.0,4.223928955157385,22.75658779045519,6.738280437062667,0.3190527354317964,0.03817299299494196,18.418469229556163
1494,1.589246380281926,1.0,4.223838695704229,22.746269812212915,6.712720358042678,0.31784927605638524,0.03788556085858807,18.420333874100063
1495,1.5832517805064372,1.0,4.2237487767075965,22.735987912589586,6.687257771134188,0.31665035610128744,0.03760029300715206,18.422191445703156
1496,1.5772797922195847,1.0,4.223659196883294,22.72574198581445,6.661892300466421,0.31545595844391694,0.03731717314416384,18.424041971342174
1497,1.571330330131368,1.0,4.22356995495197,22.715531926251867,6.636623571647606,0.3142660660262736,0.037036185095861304,18.425885477889853
1498,1.565403309273499,1.0,4.223481049639103,22.705357628402886,6.611451211758963,0.3130806618546998,0.03675731281026633,18.42772199211534
1499,1.559498644998186,1.0,4.223392479674973,22.695218986906884,6.586374849348649,0.3118997289996372,0.036480540356267674,18.429551540684603
1500,1.5536162529769295,1.0,4.223304243794654,22.68511589654311,6.561394114425815,0.3107232505953859,0.03620585192271112,18.43137415016083
1501,1.5477560491993132,1.0,4.22321634073799,22.675048252232255,6.536508638454611,0.3095512098398626,0.035933231817496004,18.433189847004847
1502,1.5419179499718063,1.0,4.223128769249577,22.66501594903797,6.511718054348265,0.3083835899943613,0.035662664466678866,18.4349986575755
1503,1.5361018719165682,1.0,4.223041528078749,22.655018882168374,6.487021996463171,0.3072203743833136,0.03539413441358377,18.43680060813007
1504,1.530307731970259,1.0,4.222954615979554,22.64505694697755,6.4624201005930075,0.3060615463940518,0.035127626317919367,18.43859572482468
1505,1.5245354473828492,1.0,4.2228680317107425,22.63513003896701,6.437912003962869,0.30490708947656986,0.03486312495490236,18.44038403371467
1506,1.5187849357164422,1.0,4.222781774035747,22.625238053787115,6.413497345223446,0.30375698714328847,0.03460061521438797,18.442165560755008
1507,1.513056114844095,1.0,4.222695841722661,22.61538088723853,6.389175764445206,0.30261122296881904,0.034340082100006615,18.443940331800686
1508,1.5073489029486449,1.0,4.22261023354423,22.605558435273604,6.364946903112616,0.30146978058972895,0.03408151072830725,18.445708372607108
1509,1.501663218521541,1.0,4.222524948277823,22.59577059399776,6.34081040411838,0.30033264370430823,0.0338248863279071,18.447469708830475
1510,1.495998980361683,1.0,4.222439984705425,22.58601725967085,6.316765911757717,0.2991997960723366,0.03357019423864793,18.449224366028186
1511,1.4903561075742573,1.0,4.222355341613614,22.576298328708496,6.292813071722639,0.29807122151485144,0.033317419910758365,18.45097236965922
1512,1.4847345195695836,1.0,4.222271017793544,22.56661369768342,6.268951531096274,0.2969469039139167,0.03306654890402283,18.452713745084523
1513,1.4791341360619656,1.0,4.22218701204093,22.556963263326725,6.245180938347213,0.2958268272123931,0.03281756688695666,18.454448517567396
1514,1.4735548770685414,1.0,4.222103323156028,22.547346922529197,6.221500943323861,0.2947109754137083,0.03257045963598726,18.456176712273876
1515,1.4679966629081425,1.0,4.222019949943622,22.53776457234255,6.19791119724884,0.2935993325816285,0.032325213034641635,18.457898354273112
1516,1.4624594142001563,1.0,4.221936891213002,22.528216109980672,6.174411352713396,0.29249188284003125,0.03208181307273997,18.459613468537754
1517,1.456943051863392,1.0,4.221854145777951,22.518701432820855,6.151001063671841,0.2913886103726784,0.03184024584559521,18.461322079944328
1518,1.4514474971149516,1.0,4.221771712456724,22.509220438404988,6.127679985436015,0.2902894994229903,0.031600497553218865,18.463024213273616
1519,1.4459726714691032,1.0,4.221689590072037,22.49977302444075,6.104447774669767,0.28919453429382064,0.03136255449953242,18.464719893211026
1520,1.4405184967361622,1.0,4.221607777451043,22.49035908880277,6.081304089383467,0.28810369934723246,0.031126403091585184,18.466409144346965
1521,1.435084895021373,1.0,4.2215262734253205,22.48097852953378,6.058248588928544,0.2870169790042746,0.030892029838777577,18.46809199117722
1522,1.429671788723797,1.0,4.221445076830857,22.47163124484574,6.035280933992039,0.2859343577447594,0.03065942135209052,18.46976845810333
1523,1.424279100535207,1.0,4.221364186508028,22.46231713312095,6.01240078659119,0.28485582010704136,0.030428564343320665,18.47143856943294
1524,1.4189067534389763,1.0,4.221283601301585,22.45303609291316,5.989607810068022,0.28378135068779525,0.03019944562432104,18.47310234938018
1525,1.4135546707089872,1.0,4.221203320060635,22.44378802294861,5.966901669083994,0.28271093414179743,0.0299720521062479,18.474759822066037
1526,1.4082227759085284,1.0,4.221123341638628,22.434572822127123,5.944282029614632,0.28164455518170567,0.029746370798812823,18.476411011518707
1527,1.402910992889207,1.0,4.2210436648933385,22.425390389523134,5.92174855894421,0.2805821985778414,0.029522388809540705,18.47805594167397
1528,1.3976192457898602,1.0,4.220964288686848,22.416240624386713,5.899300925660446,0.279523849157972,0.02930009334303326,18.47969463637554
1529,1.3923474590354712,1.0,4.220885211885532,22.407123426144565,5.876938799649217,0.27846949180709424,0.029079471700237995,18.481327119375443
1530,1.3870955573360908,1.0,4.220806433360042,22.398038694401034,5.854661852089305,0.27741911146721815,0.028860511277722805,18.482953414334357
1531,1.3818634656857611,1.0,4.220727951985286,22.38898632893907,5.8324697554471525,0.27637269313715224,0.028643199566955938,18.48457354482198
1532,1.3766511093614469,1.0,4.220649766640422,22.37996622972118,5.8103621834716686,0.2753302218722894,0.02842752415359153,18.486187534317388
1533,1.371458413921964,1.0,4.22057187620883,22.370978296890378,5.78833881118901,0.2742916827843928,0.02821347271676024,18.487795406209386
1534,1.3662853052069197,1.0,4.220494279578104,22.362022430771102,5.766399314897429,0.2732570610413839,0.028001033028365485,18.489397183796857
1535,1.3611317093356528,1.0,4.220416975640035,22.353098531870124,5.744543372162126,0.2722263418671306,0.027790192952384937,18.490992890289125
1536,1.3559975527061772,1.0,4.220339963290593,22.344206500877448,5.722770661810122,0.2711995105412354,0.027580940444177127,18.492582548806293
1537,1.3508827619941328,1.0,4.220263241429913,22.335346238667178,5.701080863925152,0.27017655239882654,0.027373263549793456,18.494166182379605
1538,1.345787264151737,1.0,4.220186808962276,22.32651764629838,5.67947365984259,0.2691574528303474,0.027167150405295257,18.495743813951783
1539,1.3407109864067417,1.0,4.220110664796101,22.317720625015937,5.657948732144391,0.26814219728134836,0.026962589236076074,18.49731546637738
1540,1.3356538562613929,1.0,4.220034807843921,22.308955076251365,5.636505764654038,0.2671307712522786,0.02675956835618894,18.498881162423118
1541,1.3306158014913985,1.0,4.219959237022371,22.30022090162364,5.615144442431553,0.2661231602982797,0.02655807616767895,18.500440924768238
1542,1.3255967501448935,1.0,4.219883951252173,22.291518002939984,5.593864451768473,0.2651193500289787,0.026358101159920547,18.50199477600484
1543,1.3205966305414134,1.0,4.2198089494581215,22.282846282196672,5.572665480182897,0.2641193261082827,0.026159631908960014,18.503542738638224
1544,1.3156153712708711,1.0,4.219734230569063,22.27420564157978,5.551547216414522,0.26312307425417425,0.02596265707686288,18.505084835087228
1545,1.310652901192537,1.0,4.219659793517888,22.265595983465953,5.530509350419721,0.2621305802385074,0.02576716541106621,18.506621087684568
1546,1.3057091494340218,1.0,4.219585637241511,22.257017210423147,5.509551573366628,0.26114182988680434,0.02557314574373575,18.50815151867717
1547,1.300784045390266,1.0,4.219511760680854,22.248469225211345,5.488673577630245,0.26015680907805316,0.02538058699112798,18.50967615022651
1548,1.29587751872253,1.0,4.219438162780838,22.23995193078329,5.467875056787583,0.259175503744506,0.025189478152956916,18.51119500440895
1549,1.2909894993573907,1.0,4.219364842490361,22.231465230285156,5.447155705612807,0.2581978998714781,0.024999808311765695,18.512708103216067
1550,1.2861199174857405,1.0,4.219291798762287,22.22300902705727,5.426515220072414,0.2572239834971481,0.02481156663230292,18.514215468554976
1551,1.2812687035617896,1.0,4.219219030553427,22.21458322463475,5.40595329732042,0.2562537407123579,0.024624742360903635,18.515717122248677
1552,1.2764357883020738,1.0,4.219146536824531,22.206187726748183,5.3854696356935845,0.25528715766041477,0.02443932482487505,18.51721308603637
1553,1.2716211026844644,1.0,4.219074316540267,22.197822437324255,5.365063934706637,0.25432422053689285,0.024255303431886796,18.51870338157379
1554,1.2668245779471814,1.0,4.219002368669208,22.1894872604864,5.344735895047528,0.2533649155894363,0.024072667669365815,18.520188030433527
1555,1.2620461455878145,1.0,4.218930692183817,22.1811821005554,5.3244852185727165,0.2524092291175629,0.023891407103895885,18.521667054105354
1556,1.2572857373623414,1.0,4.218859286060435,22.17290686205001,5.304311608302455,0.2514571474724683,0.023711511380621497,18.52314047399655
1557,1.2525432852841554,1.0,4.218788149279263,22.164661449687525,5.28421476841611,0.25050865705683106,0.023532970222656373,18.52460831143222
1558,1.2478187216230934,1.0,4.218717280824347,22.156445768384387,5.264194404247489,0.24956374432461867,0.023355773430496364,18.526070587655624
1559,1.243111978904468,1.0,4.218646679683567,22.14825972325673,5.244250222280202,0.2486223957808936,0.023179910881436734,18.52752732382848
1560,1.2384229899081072,1.0,4.218576344848622,22.140103219620944,5.2243819301430445,0.24768459798162143,0.023005372528994036,18.528978541031297
1561,1.2337516876673895,1.0,4.218506275315011,22.131976162994217,5.2045892366053685,0.24675033753347791,0.022832148402331977,18.530424260263686
1562,1.2290980054682907,1.0,4.2184364700820245,22.123878459095067,5.184871851572513,0.24581960109365814,0.022660228605691956,18.53186450244468
1563,1.224461876848431,1.0,4.218366928152727,22.115810013843852,5.165229486081238,0.2448923753696862,0.022489603317827733,18.533299288413037
1564,1.2198432355961233,1.0,4.218297648533942,22.10777073336328,5.145661852295162,0.24396864711922467,0.02232026279144429,18.534728638927565
1565,1.2152420157494317,1.0,4.218228630236242,22.099760523978908,5.126168663500255,0.24304840314988635,0.02215219735264113,18.536152574667426
1566,1.2106581515952255,1.0,4.218159872273929,22.09177929221961,5.106749634100307,0.2421316303190451,0.02198539740035952,18.537571116232453
1567,1.2060915776682433,1.0,4.218091373665024,22.083826944818057,5.087404479612456,0.24121831553364864,0.021819853405834082,18.538984284143456
1568,1.2015422287501565,1.0,4.218023133431252,22.075903388711183,5.068132916662706,0.2403084457500313,0.0216555559120484,18.540392098842528
1569,1.197010039868638,1.0,4.21795515059803,22.068008531040615,5.048934662981475,0.23940200797372763,0.021492495533194777,18.541794580693356
1570,1.1924949462964372,1.0,4.217887424194447,22.060142279153123,5.029809437399175,0.23849898925928742,0.021330662954138137,18.54319174998152
1571,1.1879968835504504,1.0,4.217819953253257,22.05230454060104,5.010756959841776,0.23759937671009007,0.021170048929883736,18.54458362691481
1572,1.1835157873908042,1.0,4.217752736810862,22.044495223142672,4.991776951326427,0.23670315747816084,0.02101064428504913,18.545970231623514
1573,1.1790515938199355,1.0,4.2176857739072995,22.03671423474271,4.97286913395707,0.23581031876398711,0.020852439913339953,18.547351584160722
1574,1.1746042390816798,1.0,4.217619063586225,22.028961483572616,4.954033230920085,0.23492084781633596,0.020695426777029777,18.548727704502646
1575,1.170173659660358,1.0,4.217552604894905,22.021236878011003,4.935268966479947,0.2340347319320716,0.020539595906443733,18.55009861254889
1576,1.1657597922798717,1.0,4.2174863968841985,22.013540326644012,4.916576065974907,0.23315195845597433,0.020384938399446145,18.551464328122773
1577,1.1613625739027968,1.0,4.217420438608542,22.005871738265665,4.897954255812679,0.23227251478055938,0.02023144542093194,18.55282487097161
1578,1.1569819417294869,1.0,4.217354729125942,21.99823102187822,4.879403263466167,0.23139638834589737,0.020079108202322005,18.554180260767016
1579,1.1526178331971737,1.0,4.217289267497958,21.990618086692507,4.860922817469192,0.23052356663943474,0.019927918041062215,18.5555305171052
1580,1.1482701859790734,1.0,4.217224052789686,21.983032842128267,4.842512647412234,0.22965403719581468,0.019777866300126238,18.55687565950726
1581,1.1439389379834983,1.0,4.217159084069753,21.975475197814458,4.824172483938216,0.22878778759669965,0.019628944407522213,18.558215707419464
1582,1.139624027352969,1.0,4.217094360410295,21.967945063589575,4.8059020587382735,0.2279248054705938,0.019481143855803008,18.559550680213558
1583,1.1353253924633304,1.0,4.21702988088695,21.96044234950194,4.787701104547568,0.22706507849266608,0.019334456201580228,18.560880597187044
1584,1.1310429719228725,1.0,4.216965644578844,21.952966965810003,4.769569355141107,0.2262085943845745,0.019188873065041856,18.562205477563474
1585,1.1267767045714536,1.0,4.216901650568572,21.945518822982613,4.75150654532958,0.2253553409142907,0.01904438612947357,18.56352534049273
1586,1.1225265294796272,1.0,4.216837897942194,21.9380978316993,4.733512410955218,0.22450530589592543,0.018900987140783643,18.56484020505133
1587,1.1182923859477694,1.0,4.216774385789217,21.930703902850517,4.7155866888876625,0.22365847718955387,0.01875866790703132,18.566150090242687
1588,1.114074213505215,1.0,4.216711113202578,21.923336947537912,4.697729117019862,0.22281484270104301,0.018617420297958955,18.567455014997414
1589,1.1098719519093942,1.0,4.216648079278641,21.915996877074562,4.679939434263983,0.22197439038187886,0.01847723624452753,18.5687549981736
1590,1.105685541144968,1.0,4.216585283117174,21.908683602985207,4.662217380547321,0.2211371082289936,0.01833810773845561,18.570050058557083
1591,1.1015149214229756,1.0,4.2165227238213445,21.90139703700647,4.64456269680826,0.2203029842845951,0.01820002683176196,18.571340214861753
1592,1.097360033179978,1.0,4.2164604004976995,21.89413709108708,4.626975124992219,0.2194720066359956,0.018062985636311438,18.572625485729805
1593,1.0932208170772084,1.0,4.216398312256159,21.886903677388087,4.6094544080476405,0.21864416341544168,0.017926976323364388,18.57390588973204
1594,1.0890972139997246,1.0,4.216336458209996,21.879696708283035,4.592000289921973,0.21781944279994492,0.017791991123129427,18.575181445368127
1595,1.0849891650555636,1.0,4.216274837475834,21.87251609635817,4.574612515557687,0.21699783301111272,0.017658022324319535,18.576452171066894
1596,1.0808966115749032,1.0,4.216213449173623,21.865361754412618,4.557290830888305,0.21617932231498066,0.01752506227371161,18.577718085186586
1597,1.0768194951092205,1.0,4.216152292426639,21.858233595458557,4.5400349828344355,0.2153638990218441,0.017393103375709148,18.578979206015152
1598,1.0727577574304603,1.0,4.216091366361457,21.851131532721382,4.522844719299842,0.21455155148609206,0.017262138091908456,18.580235551770514
1599,1.0687113405302024,1.0,4.216030670107953,21.844055479639852,4.505719789167518,0.2137422681060405,0.017132158940667934,18.58148714060084
1600,1.064680186618832,1.0,4.215970202799283,21.837005349866246,4.488659942295775,0.2129360373237664,0.017003158496680666,18.58273399058481
1601,1.0606642381247158,1.0,4.215909963571871,21.829981057266505,4.471664929514357,0.21213284762494317,0.016875129390550258,18.583976119731897
1602,1.0566634376933797,1.0,4.215849951565401,21.822982515920355,4.454734502620565,0.21133268753867593,0.016748064308369864,18.585213545982626
1603,1.0526777281866886,1.0,4.2157901659228,21.81600964012144,4.437868414375396,0.21053554563733773,0.016621955991304317,18.58644628720884
1604,1.0487070526820317,1.0,4.215730605790231,21.809062344377427,4.421066418499709,0.20974141053640633,0.016496797235175505,18.587674361213978
1605,1.0447513544715088,1.0,4.215671270317073,21.80214054341012,4.404328269670388,0.20895027089430177,0.01637258089005078,18.58889778573333
1606,1.0408105770611202,1.0,4.215612158655917,21.795244152155558,4.387653723516539,0.20816211541222404,0.01624929985983453,18.59011657843431
1607,1.0368846641699605,1.0,4.21555326996255,21.788373085764114,4.371042536615698,0.2073769328339921,0.016126947101862774,18.5913307569167
1608,1.0329735597294152,1.0,4.215494603395942,21.78152725960057,4.354494466490046,0.20659471194588303,0.016005515626500894,18.592540338712947
1609,1.0290772078823585,1.0,4.215436158118235,21.7747065892442,4.33800927160265,0.2058154415764717,0.01588499849674426,18.593745341288393
1610,1.025195552982356,1.0,4.215377933294736,21.767910990488847,4.321586711353718,0.2050391105964712,0.01576538882782198,18.594945782041545
1611,1.0213285395928713,1.0,4.215319928093893,21.761140379342972,4.305226546076863,0.20426570791857426,0.01564667978680361,18.596141678304345
1612,1.0174761124864729,1.0,4.2152621416872975,21.75439467202972,4.288928537035395,0.20349522249729457,0.015528864592208782,18.59733304734241
1613,1.0136382166440456,1.0,4.215204573249661,21.747673784986965,4.272692446418612,0.20272764332880913,0.015411936513619818,18.598519906355303
1614,1.009814797254005,1.0,4.21514722195881,21.740977634867356,4.256518037338119,0.201962959450801,0.01529588887129721,18.599702272476787
1615,1.0060057997115155,1.0,4.215090086995673,21.734306138538347,4.240405073824164,0.2012011599423031,0.015180715035798088,18.60088016277507
1616,1.0022111696177085,1.0,4.215033167544266,21.727659213082227,4.224353320821973,0.2004422339235417,0.015066408427597428,18.602053594253075
1617,0.998430852778908,1.0,4.214976462791684,21.72103677579614,4.208362544188126,0.19968617055578158,0.014952962516712262,18.603222583848684
1618,0.9946647952058536,1.0,4.214919971928088,21.714438744192105,4.192432510686914,0.19893295904117073,0.014840370822328539,18.604387148434984
1619,0.9909129431129328,1.0,4.214863694146694,21.707865035997017,4.176562987986749,0.19818258862258656,0.014728626912431014,18.605547304820536
1620,0.9871752429174098,1.0,4.2148076286437615,21.70131556915265,4.1607537446565575,0.19743504858348196,0.014617724403435704,18.606703069749607
1621,0.9834516412386624,1.0,4.2147517746185805,21.694790261815665,4.1450045501622075,0.19669032824773247,0.014507656959825279,18.60785445990243
1622,0.9797420848974188,1.0,4.214696131273461,21.688289032357574,4.129315174862946,0.19594841697948376,0.014398418293787114,18.609001491895448
1623,0.9760465209149976,1.0,4.214640697813725,21.681811799364738,4.113685390007844,0.1952093041829995,0.01429000216485406,18.610144182281562
1624,0.9723648965125524,1.0,4.214585473447689,21.675358481638348,4.098114967732268,0.19447297930251048,0.014182402379548001,18.611282547550378
1625,0.9686971591103168,1.0,4.214530457386655,21.668928998194378,4.082603681054357,0.19373943182206338,0.014075612791025977,18.61241660412845
1626,0.965043256326854,1.0,4.214475648844903,21.662523268263566,4.067151303871516,0.19300865126537078,0.01396962729872907,18.613546368379524
1627,0.9614031359783102,1.0,4.214421047039675,21.65614121129136,4.051757610956937,0.19228062719566202,0.013864439848033936,18.61467185660479
1628,0.957776746077666,1.0,4.214366651191165,21.649782746937873,4.036422377956105,0.19155534921553322,0.01376004442990683,18.615793085043112
1629,0.9541640348339964,1.0,4.21431246052251,21.643447795077837,4.021145381383346,0.19083280696679927,0.013656435080560378,18.616910069871274
1630,0.9505649506517307,1.0,4.214258474259776,21.637136275800525,4.005926398618382,0.19011299013034616,0.01355360588111291,18.618022827204225
1631,0.9469794421299158,1.0,4.214204691631949,21.630848109409705,3.990765207902897,0.18939588842598315,0.013451550957250298,18.61913137309531
1632,0.9434074580614812,1.0,4.2141511118709225,21.624583216423556,3.9756615883371116,0.18868149161229625,0.01335026447889038,18.620235723536517
1633,0.9398489474325082,1.0,4.214097734211488,21.618341517574592,3.9606153198763847,0.18796978948650164,0.013249740659849903,18.621335894458706
1634,0.936303859421502,1.0,4.214044557891323,21.61212293380959,3.9456261833278226,0.1872607718843004,0.013149973757513997,18.622431901731854
1635,0.9327721433986644,1.0,4.21399158215098,21.605927386289487,3.9306939603468987,0.18655442867973288,0.013050958072508079,18.623523761165284
1636,0.9292537489251732,1.0,4.213938806233878,21.599754796389295,3.9158184334341,0.18585074978503463,0.012952687948372333,18.624611488507906
1637,0.9257486257524586,1.0,4.213886229386287,21.593605085698005,3.900999385931565,0.18514972515049172,0.012855157771238487,18.625695099448443
1638,0.9222567238214878,1.0,4.2138338508573225,21.58747817601848,3.8862366020197583,0.18445134476429756,0.012758361969509162,18.62677460961567
1639,0.9187779932620496,1.0,4.213781669898931,21.581373989367332,3.871529866714148,0.18375559865240992,0.012662295013539581,18.627850034578646
1640,0.9153123843920418,1.0,4.21372968576588,21.57529244797484,3.8568789658618967,0.18306247687840835,0.012566951415321673,18.62892138984694
1641,0.911859847716762,1.0,4.213677897715751,21.569233474284793,3.8422836861385705,0.18237196954335239,0.012472325728170544,18.629988690870867
1642,0.9084203339282012,1.0,4.2136263050089235,21.563196990954395,3.827743815044859,0.18168406678564025,0.012378412546413368,18.631051953041712
1643,0.904993793904338,1.0,4.2135749069085655,21.557182920854117,3.8132591409033005,0.1809987587808676,0.012285206505080509,18.632111191691962
1644,0.9015801787084392,1.0,4.213523702680627,21.551191187067573,3.798829452855044,0.18031603574168784,0.012192702279599116,18.63316642209553
1645,0.8981794395883583,1.0,4.213472691593825,21.545221712891372,3.7844545408565935,0.17963588791767165,0.012100894585488861,18.634217659467993
1646,0.894791527975843,1.0,4.213421872919638,21.539274421834985,3.7701341956766017,0.17895830559516862,0.012009778178060157,18.63526491896679
1647,0.8914163954858375,1.0,4.213371245932287,21.533349237620584,3.7558682088926316,0.1782832790971675,0.011919347852114445,18.636308215691482
1648,0.8880539939157935,1.0,4.213320809908737,21.5274460841829,3.74165637288798,0.17761079878315872,0.011829598441646882,18.63734756468395
1649,0.8847042752449823,1.0,4.213270564128675,21.52156488566905,3.7274984808484772,0.17694085504899645,0.01174052481955124,18.63838298092863
1650,0.8813671916338075,1.0,4.2132205078745075,21.515705566438395,3.713394326759319,0.1762734383267615,0.011652121897326971,18.63941447935273
1651,0.878042695423123,1.0,4.213170640431347,21.50986805106235,3.699343705401905,0.1756085390846246,0.011564384624788546,18.640442074826453
1652,0.8747307391335517,1.0,4.213120961087004,21.504052264324237,3.6853464123506945,0.17494614782671034,0.011477307989776945,18.641465782163216
1653,0.8714312754648076,1.0,4.213071469131973,21.498258131219078,3.6714022439700655,0.17428625509296153,0.01139088701787332,18.642485616119874
1654,0.86814425729502,1.0,4.213022163859425,21.49248557695345,3.657510997411199,0.173628851459004,0.011305116772114827,18.643501591396934
1655,0.8648696376800616,1.0,4.212973044565201,21.486734526945266,3.643672470608972,0.17297392753601232,0.011219992352712616,18.64451372263877
1656,0.8616073698528766,1.0,4.212924110547793,21.481004906823618,3.6298864622788534,0.17232147397057532,0.011135508896771873,18.64552202443385
1657,0.8583574072228133,1.0,4.212875361108343,21.475296642428557,3.61615277191383,0.17167148144456265,0.011051661578014056,18.646526511314935
1658,0.8551197033749591,1.0,4.212826795550624,21.46960965981091,3.6024711997813292,0.17102394067499183,0.01096844560650117,18.64752719775932
1659,0.8518942120694775,1.0,4.212778413181042,21.46394388523208,3.5888415469201678,0.1703788424138955,0.010885856228362136,18.64852409818902
1660,0.848680887240947,1.0,4.212730213308614,21.458299245163836,3.5752636151374984,0.16973617744818942,0.010803888725521215,18.649517226971003
1661,0.8454796829977045,1.0,4.212682195244966,21.4526756662881,3.5617372070057876,0.1690959365995409,0.010722538415428483,18.650506598417394
1662,0.8422905536211888,1.0,4.212634358304318,21.447073075496746,3.5482621258597855,0.16845811072423775,0.01064180065079233,18.651492226785688
1663,0.8391134535652878,1.0,4.212586701803479,21.44149139989137,3.5348381757935226,0.16782269071305755,0.010561670819313964,18.652474126278964
1664,0.8359483374556884,1.0,4.212539225061835,21.435930566783075,3.521465161657315,0.16718966749113767,0.010482144343423943,18.65345231104609
1665,0.8327951600892293,1.0,4.212491927401339,21.430390503692248,3.508142889054784,0.16655903201784586,0.010403216680020673,18.65442679518194
1666,0.8296538764332531,1.0,4.212444808146499,21.424871138348333,3.4948711643398735,0.16593077528665062,0.010324883320210853,18.655397592727592
1667,0.8265244416249647,1.0,4.212397866624374,21.419372398689593,3.4816497946139036,0.16530488832499296,0.010247139789051896,18.65636471767054
1668,0.8234068109707914,1.0,4.212351102164562,21.413894212862875,3.4684785877226205,0.16468136219415827,0.010169981645296328,18.65732818394491
1669,0.8203009399457424,1.0,4.212304514099186,21.40843650922338,3.4553573522532557,0.16406018798914848,0.010093404481138027,18.658288005431647
1670,0.8172067841927749,1.0,4.212258101762892,21.402999216334415,3.4422858975316153,0.16344135683855499,0.01001740392196045,18.65924419595874
1671,0.8141242995221596,1.0,4.212211864492833,21.397582262967138,3.429264033619157,0.1628248599044319,0.009941975626086704,18.66019676930141
1672,0.8110534419108496,1.0,4.212165801628663,21.39218557810032,3.4162915713101,0.16221068838216993,0.009867115284531538,18.66114573918233
1673,0.8079941675018518,1.0,4.212119912512528,21.386809090920096,3.403368322128533,0.16159883350037035,0.009792818620755159,18.66209111927181
1674,0.8049464326036017,1.0,4.212074196489054,21.381452730819696,3.390494098325546,0.16098928652072034,0.009719081390418969,18.663032923188013
1675,0.801910193689337,1.0,4.212028652905341,21.37611642739919,3.377668712876359,0.1603820387378674,0.00964589938114305,18.663971164497145
1676,0.7988854073964782,1.0,4.211983281110947,21.370800110465233,3.364891979477474,0.15977708147929565,0.009573268412265553,18.664905856713666
1677,0.7958720305260079,1.0,4.21193808045789,21.365503710030787,3.352163712543837,0.15917440610520156,0.009501184334603861,18.665837013300482
1678,0.7928700200418545,1.0,4.2118930503006276,21.360227156314863,3.339483727206006,0.1585740040083709,0.00942964303021756,18.66676464766915
1679,0.7898793330702776,1.0,4.211848189996054,21.354970379742245,3.326851839307339,0.15797586661405552,0.009358640412173196,18.66768877318007
1680,0.7868999268992556,1.0,4.211803498903489,21.349733310943208,3.3142678654011846,0.15737998537985112,0.009288172424310806,18.668609403142682
1681,0.7839317589778754,1.0,4.211758976384668,21.34451588075325,3.3017316227480884,0.15678635179557507,0.009218235041012185,18.669526550815668
1682,0.7809747869157249,1.0,4.211714621803736,21.339318020212808,3.2892429293130157,0.15619495738314498,0.009148824266970928,18.670440229407145
1683,0.7780289684822876,1.0,4.211670434527234,21.334139660566972,3.2768016037625722,0.15560579369645752,0.009079936136964187,18.671350452074858
1684,0.7750942616063403,1.0,4.211626413924095,21.3289807332652,3.2644074654622552,0.15501885232126805,0.009011566715626168,18.672257231926377
1685,0.7721706243753504,1.0,4.21158255936563,21.323841169961028,3.252060334473695,0.15443412487507008,0.008943712097223278,18.673160582019285
1686,0.7692580150348789,1.0,4.211538870225524,21.318720902511775,3.239760031551923,0.15385160300697578,0.00887636840543103,18.674060515361383
1687,0.7663563919879836,1.0,4.21149534587982,21.31361986297825,3.227506378142644,0.15327127839759672,0.008809531793112597,18.674957044910865
1688,0.7634657137946246,1.0,4.21145198570692,21.308537983624458,3.2152991963795228,0.15269314275892493,0.008743198442099033,18.675850183576525
1689,0.7605859391710732,1.0,4.211408789087566,21.30347519691729,3.2031383090814787,0.15211718783421463,0.00867736456297115,18.676739944217935
1690,0.757717026989322,1.0,4.21136575540484,21.29843143552623,3.1910235397499953,0.1515434053978644,0.008612026394843054,18.677626339645645
1691,0.754858936276497,1.0,4.211322884044147,21.293406632323034,3.178954712566435,0.15097178725529942,0.008547180205147269,18.678509382621357
1692,0.7520116262142733,1.0,4.211280174393214,21.288400720381446,3.1669316523893696,0.15040232524285466,0.008482822289421538,18.67938908585813
1693,0.7491750561382922,1.0,4.211237625842075,21.283413632976863,3.1549541847519245,0.14983501122765844,0.008418948971097198,18.68026546202056
1694,0.746349185537579,1.0,4.2111952377830635,21.278445303586032,3.1430221358591206,0.1492698371075158,0.008355556601289112,18.681138523724965
1695,0.743533974053966,1.0,4.211153009610809,21.273495665886735,3.1311353325852447,0.1487067948107932,0.008292641558587258,18.68200828353957
1696,0.7407293814815158,1.0,4.2111109407222225,21.26856465375747,3.119293602471216,0.14814587629630316,0.008230200248849835,18.682874753984702
1697,0.7379353677659461,1.0,4.211069030516489,21.26365220127713,3.1074967737219716,0.14758707355318923,0.008168229104997933,18.683737947532958
1698,0.7351518930040591,1.0,4.211027278395061,21.258758242724674,3.0957446752038607,0.14703037860081183,0.008106724586811774,18.684597876609402
1699,0.7323789174431706,1.0,4.210985683761648,21.253882712578815,3.0840371364420456,0.14647578348863413,0.008045683180728458,18.685454553591747
1700,0.7296164014805425,1.0,4.210944246022208,21.24902554551768,3.07237398761792,0.14592328029610852,0.007985101399641243,18.68630799081053
1701,0.7268643056628176,1.0,4.2109029645849425,21.24418667641848,3.0607550595665343,0.1453728611325635,0.007924975782700348,18.687158200549298
1702,0.7241225906854555,1.0,4.210861838860282,21.239366040357194,3.0491801837740287,0.1448245181370911,0.007865302895115237,18.68800519504479
1703,0.7213912173921719,1.0,4.210820868260883,21.234563572608213,3.037649192375081,0.14427824347843438,0.007806079327958398,18.688848986487116
1704,0.7186701467743791,1.0,4.210780052201616,21.229779208644022,3.0261619181503634,0.14373402935487584,0.0077473016979706134,18.689689587019934
1705,0.7159593399706285,1.0,4.21073939009956,21.225012884134852,3.014718194524008,0.1431918679941257,0.007688966647367671,18.690527008740634
1706,0.7132587582660562,1.0,4.210698881373991,21.220264534948342,3.003317855561085,0.14265175165321126,0.007631070843648546,18.69136126370051
1707,0.7105683630918299,1.0,4.2106585254463775,21.21553409714919,2.991960735965091,0.142113672618366,0.007573610979405039,18.692192363904944
1708,0.7078881160245978,1.0,4.210618321740369,21.21082150699883,2.9806466710754433,0.14157762320491957,0.0075165837721328154,18.693020321313575
1709,0.7052179787859404,1.0,4.21057826968179,21.206126700955053,2.969375496864994,0.14104359575718808,0.007459985964043906,18.69384514784048
1710,0.7025579132418232,1.0,4.210538368698628,21.20144961567169,2.958147049937538,0.14051158264836464,0.007403814321880576,18.694666855354352
1711,0.6999078814020522,1.0,4.210498618221031,21.196790187998243,2.94696116752535,0.13998157628041044,0.007348065636730637,18.695485455678664
1712,0.6972678454197325,1.0,4.210459017681297,21.192148354979537,2.935817687486721,0.13945356908394652,0.007292736723844139,18.696300960591856
1713,0.6946377675907257,1.0,4.210419566513861,21.18752405385537,2.9247164483034993,0.13892755351814515,0.007237824422451406,18.697113381827496
1714,0.692017610353113,1.0,4.2103802641552965,21.182917222060155,2.913657289078657,0.13840352207062262,0.007183325595582494,18.697922731074463
1715,0.6894073362866582,1.0,4.2103411100443004,21.178327797222565,2.902640049533853,0.13788146725733164,0.007129237129887981,18.69872901997711
1716,0.6868069081122732,1.0,4.210302103621684,21.173755717165164,2.8916645700070083,0.13736138162245465,0.007075555935461107,18.699532260135445
1717,0.684216288691486,1.0,4.210263244330372,21.169200919904064,2.8807306914499025,0.1368432577382972,0.007022278945661263,18.700332463105294
1718,0.68163544102591,1.0,4.210224531615389,21.164663343648545,2.869838255425761,0.136327088205182,0.006969403116938802,18.701129640398467
1719,0.6790643282567154,1.0,4.210185964923851,21.160142926800702,2.8589871041068657,0.13581286565134307,0.006916925428661161,18.70192380348294
1720,0.6765029136641031,1.0,4.210147543704962,21.155639607955074,2.8481770802721735,0.1353005827328206,0.006864842882940314,18.702714963783016
1721,0.6739511606667804,1.0,4.210109267410002,21.15115332589828,2.837408027304939,0.13479023213335609,0.006813152504461507,18.70350313267949
1722,0.6714090328214384,1.0,4.2100711354923215,21.14668401960865,2.8266797891903543,0.13428180656428768,0.00676185134031329,18.70428832150982
1723,0.6688764938222314,1.0,4.210033147407334,21.142231628255846,2.8159922105131905,0.13377529876444627,0.006710936459818823,18.705070541568297
1724,0.6663535075002582,1.0,4.209995302612504,21.13779609120051,2.805345136455453,0.13327070150005166,0.0066604049543684506,18.7058498041062
1725,0.6638400378230465,1.0,4.209957600567346,21.133377347993868,2.794738412794049,0.1327680075646093,0.006610253937253556,18.706626120331975
1726,0.6613360488940367,1.0,4.209920040733411,21.12897533837737,2.784171885898456,0.13226720977880735,0.006560480543501636,18.70739950141139
1727,0.6588415049520713,1.0,4.209882622574281,21.12459000228231,2.773645402728412,0.13176830099041426,0.0065110819297126525,18.708169958467703
1728,0.656356370370882,1.0,4.209845345555563,21.120221279829448,2.763158810831601,0.1312712740741764,0.006462055273896577,18.708937502581822
1729,0.6538806096585826,1.0,4.209808209144879,21.115869111328628,2.7527119583413593,0.13077612193171653,0.006413397775312196,18.709702144792473
1730,0.651414187457161,1.0,4.209771212811858,21.111533437278403,2.7423046939743836,0.13028283749143219,0.006365106654307099,18.710463896096353
1731,0.6489570685419754,1.0,4.20973435602813,21.107214198365657,2.731936867028456,0.1297914137083951,0.006317179152158913,18.711222767448305
1732,0.6465092178212498,1.0,4.209697638267319,21.10291133546521,2.7216083273801672,0.12930184356424995,0.006269612530917664,18.711978769761465
1733,0.6440706003355738,1.0,4.209661059005033,21.098624789639437,2.7113189254826593,0.12881412006711476,0.006222404073249397,18.712731913907433
1734,0.6416411812574031,1.0,4.209624617718862,21.094354502137904,2.701068512363374,0.12832823625148063,0.006175551082280934,18.71348221071642
1735,0.6392209258905621,1.0,4.209588313888359,21.090100414396947,2.690856939621807,0.1278441851781124,0.006129050881445813,18.714229670977428
1736,0.6368097996697482,1.0,4.209552146995047,21.08586246803931,2.680684059427274,0.12736195993394964,0.006082900814331372,18.71497430543838
1737,0.6344077681600384,1.0,4.2095161165224,21.081640604873748,2.6705497245166883,0.12688155363200768,0.006037098244527015,18.7157161248063
1738,0.6320147970563974,1.0,4.209480221955846,21.077434766894633,2.6604537881923425,0.1264029594112795,0.005991640555473588,18.716455139747463
1739,0.6296308521831879,1.0,4.209444462782748,21.073244896281576,2.6503961043197033,0.1259261704366376,0.005946525150313912,18.71719136088755
1740,0.6272558994936817,1.0,4.209408838492405,21.06907093539902,2.6403765273252073,0.12545117989873633,0.005901749451744415,18.717924798811808
1741,0.6248899050695748,1.0,4.209373348576044,21.064912826795847,2.630394912194082,0.12497798101391495,0.005857310901867932,18.718655464065193
1742,0.622532835120502,1.0,4.209337992526808,21.060770513205007,2.620451114468156,0.12450656702410039,0.005813206962047551,18.719383367152545
1743,0.6201846559835542,1.0,4.209302769839754,21.056643937543093,2.6105449902436897,0.12403693119671085,0.0057694351127615924,18.720108518538723
1744,0.6178453341227983,1.0,4.209267680011842,21.052533042909964,2.6006763961692125,0.12356906682455966,0.005725992853459684,18.72083092864877
1745,0.615514836128798,1.0,4.209232722541932,21.048437772588343,2.5908451894433715,0.1231029672257596,0.005682877702419915,18.72155060786806
1746,0.6131931287181362,1.0,4.209197896930772,21.044358070043415,2.5810512278127793,0.12263862574362724,0.005640087196607052,18.722267566542452
1747,0.6108801787329408,1.0,4.209163202680994,21.040293878922434,2.571294369569883,0.12217603574658815,0.005597618891531845,18.722981814978443
1748,0.6085759531404096,1.0,4.209128639297107,21.03624514305432,2.5615744735508317,0.12171519062808192,0.00555547036111137,18.723693363443317
1749,0.6062804190323396,1.0,4.209094206285485,21.032211806449258,2.551891399133357,0.12125608380646793,0.00551363919753044,18.7244022221653
1750,0.6039935436246575,1.0,4.20905990315437,21.0281938132983,2.5422450062346655,0.12079870872493151,0.005472123011104065,18.7251084013337
1751,0.6017152942569498,1.0,4.209025729413854,21.024191107972964,2.5326351553093303,0.12034305885138996,0.005430919430140915,18.72581191109906
1752,0.5994456383919976,1.0,4.208991684575881,21.02020363502482,2.5230617073471984,0.11988912767839952,0.005390026100807843,18.726512761573325
1753,0.5971845436153117,1.0,4.20895776815423,21.016231339185104,2.513524523871305,0.11943690872306234,0.005349440686995421,18.727210962829957
1754,0.5949319776346695,1.0,4.208923979664521,21.012274165364296,2.504023466935797,0.11898639552693391,0.005309160870184484,18.727906524904107
1755,0.592687908279654,1.0,4.208890318624195,21.00833205865172,2.4945583991238607,0.1185375816559308,0.005269184349313673,18.728599457792754
1756,0.5904523035011942,1.0,4.208856784552518,21.004404964315153,2.4851291835456637,0.11809046070023883,0.005229508840647995,18.72928977145485
1757,0.5882251313711074,1.0,4.2088233769705665,21.00049282780039,2.4757356838362994,0.11764502627422149,0.005190132077648349,18.729977475811474
1758,0.5860063600816434,1.0,4.208790095401225,20.99659559473086,2.4663777641537448,0.11720127201632868,0.00515105181084205,18.73066258074596
1759,0.5837959579450296,1.0,4.2087569393691755,20.992713210907212,2.4570552891768185,0.11675919158900591,0.0051122658076943215,18.731345096104064
1760,0.5815938933930199,1.0,4.208723908400896,20.9888456223069,2.4477681241031646,0.11631877867860399,0.005073771852480771,18.732025031694093
1761,0.5794001349764419,1.0,4.208691002024647,20.984992775083782,2.4385161346472173,0.11588002699528839,0.005035567746160787,18.73270239728705
1762,0.5772146513647494,1.0,4.208658219770472,20.9811546155677,2.4292991870381995,0.11544293027294987,0.0049976513062519375,18.733377202616783
1763,0.5750374113455736,1.0,4.208625561170184,20.977331090264084,2.4201171480181145,0.11500748226911472,0.004960020366705276,18.73404945738012
1764,0.5728683838242786,1.0,4.208593025757365,20.97352214585353,2.4109698848397523,0.11457367676485572,0.004922672777781615,18.73471917123702
1765,0.5707075378235166,1.0,4.208560613067353,20.96972772919139,2.4018572652646983,0.11414150756470332,0.004885606405928709,18.735386353810707
1766,0.5685548424827854,1.0,4.208528322637242,20.965947787307364,2.392779157561358,0.11371096849655708,0.004848819133659374,18.736051014687806
1767,0.5664102670579882,1.0,4.20849615400587,20.962182267405083,2.383735430502981,0.11328205341159765,0.004812308859430523,18.7367131634185
1768,0.564273780920994,1.0,4.208464106713815,20.9584311168617,2.3747259533656977,0.1128547561841988,0.004776073497523108,18.737372809516657
1769,0.5621453535592005,1.0,4.208432180303388,20.954694283227468,2.3657505959265652,0.11242907071184009,0.0047401109779229775,18.73802996245997
1770,0.5600249545750982,1.0,4.208400374318627,20.950971714225343,2.356809228461615,0.11200499091501963,0.004704419246202612,18.7386846316901
1771,0.5579125536858361,1.0,4.2083686883052875,20.94726335775055,2.3479017217439155,0.11158251073716723,0.004668996263403765,18.739336826612806
1772,0.5558081207227896,1.0,4.208337121810842,20.943569161870183,2.3390279470416373,0.11116162414455792,0.004633840005920986,18.739986556598097
1773,0.5537116256311295,1.0,4.208305674384468,20.93988907482278,2.3301877761161305,0.11074232512622591,0.004598948465386022,18.74063383098035
1774,0.5516230384693924,1.0,4.208274345577041,20.936223045017915,2.3213810812200015,0.11032460769387849,0.004564319648553071,18.741278659058466
1775,0.5495423294090537,1.0,4.208243134941136,20.932571021035777,2.3126077350952103,0.10990846588181073,0.004529951577184933,18.741921050095993
1776,0.5474694687341011,1.0,4.208212042031012,20.928932951626756,2.3038676109711647,0.10949389374682021,0.0044958422879399825,18.74256101332126
1777,0.5454044268406105,1.0,4.208181066402609,20.925308785711028,2.2951605825628243,0.1090808853681221,0.0044619898322600235,18.743198557927528
1778,0.5433471742363228,1.0,4.208150207613545,20.921698472378132,2.286486524068815,0.10866943484726457,0.004428392276258955,18.743833693073103
1779,0.5412976815402238,1.0,4.2081194652231035,20.918101960886556,2.2778453101695524,0.10825953630804477,0.004395047700612323,18.744466427881484
1780,0.539255919482123,1.0,4.208088838792232,20.914519200663328,2.2692368160253644,0.1078511838964246,0.004361954200447649,18.745096771441492
1781,0.5372218589022366,1.0,4.208058327883534,20.910950141303584,2.2606609172746297,0.10744437178044733,0.0043291098852356194,18.745724732807403
1782,0.5351954707507709,1.0,4.2080279320612615,20.907394732570157,2.2521174900319196,0.10703909415015418,0.004296512878682089,18.746350320999078
1783,0.5331767260875072,1.0,4.207997650891313,20.90385292439316,2.2436064108861515,0.10663534521750144,0.004264161318620891,18.746973545002103
1784,0.5311655960813888,1.0,4.207967483941221,20.90032466686957,2.2351275568987408,0.10623311921627776,0.004232053356907455,18.747594413767906
1785,0.5291620520101089,1.0,4.207937430780152,20.896809910262796,2.226680805601771,0.10583241040202178,0.004200187159313237,18.748212936213907
1786,0.5271660652597007,1.0,4.207907490978895,20.893308605002275,2.2182660349961636,0.10543321305194013,0.004168560905420925,18.74882912122363
1787,0.5251776073241281,1.0,4.207877664109862,20.88982070168305,2.2098831235498584,0.10503552146482562,0.004137172788520441,18.749442977646837
1788,0.5231966498048801,1.0,4.207847949747073,20.886346151065347,2.201531950196002,0.10463932996097602,0.004106021015505755,18.75005451429967
1789,0.5212231644105636,1.0,4.207818347466159,20.882884904074153,2.1932123943311397,0.10424463288211272,0.0040751038067724215,18.75066373996476
1790,0.5192571229564997,1.0,4.207788856844347,20.879436911798805,2.1849243358134145,0.10385142459129995,0.004044419396115922,18.751270663391377
1791,0.517298497364322,1.0,4.207759477460465,20.876002125492565,2.1766676549607835,0.1034596994728644,0.004013966030630782,18.751875293295534
1792,0.5153472596615746,1.0,4.207730208894924,20.872580496572205,2.168442232549224,0.10306945193231491,0.003983741970610415,18.75247763836013
1793,0.5134033819813133,1.0,4.20770105072972,20.869171976617576,2.1602479498109637,0.10268067639626266,0.003953745489447754,18.75307770723508
1794,0.5114668365617072,1.0,4.207672002548426,20.865776517371202,2.152084688432707,0.10229336731234144,0.003923974873536602,18.75367550853742
1795,0.5095375957456427,1.0,4.207643063936185,20.86239407073785,2.1439523305538737,0.10190751914912854,0.0038944284221737505,18.75427105085146
1796,0.5076156319803276,1.0,4.207614234479705,20.85902458878412,2.1358507587648377,0.1015231263960655,0.00386510444746181,18.754864342728897
1797,0.5057009178168985,1.0,4.2075855137672535,20.855668023738016,2.1277798561051866,0.1011401835633797,0.003836001274212803,18.755455392688926
1798,0.5037934259100287,1.0,4.20755690138865,20.852324327988526,2.1197395060619733,0.10075868518200574,0.003807117239852454,18.756044209218388
1799,0.5018931290175374,1.0,4.207528396935263,20.84899345408521,2.111729592567982,0.10037862580350747,0.0037784506943252163,18.75663080077188
1800,0.5,1.0,4.2075000000000005,20.845675354737775,2.1037500000000002,0.1,0.00375,18.75721517577188
